"album.name","avg_pop","max_pop","sum_pop"
"Room 25",37.1818181818182,51,409
"Time Will Die and Love Will Bury It",25.3,37,253
"Holy Hell",48,60,528
"Honey",36.2222222222222,45,326
"Safe In The Hands of Love",34.4,50,344
"Golden Hour",59.0769230769231,69,768
"Christine and the Queens",22.5,50,270
"Persona",32.5,50,390
"POST-",19.8,41,198
"Joy as an Act of Resistance.",40.25,53,483
"I Loved You at Your Darkest",25.5,41,306
"Negative Capability",21,39,273
"Dirty Computer",41.8571428571429,64,586
"Twin Fantasy",53,63,530
"Microshift",15,28,135
"Cusp",27.2727272727273,46,300
"Cocoon Crush",12.1818181818182,20,134
"You Won't Get What You Want",31.6,38,316
"Be the Cowboy",64.5714285714286,83,904
"soil",22.9090909090909,32,252
"In A Poem Unlimited",28.3636363636364,50,312
"Cocoa Sugar",35.5,46,426
"Freedom",30.9090909090909,42,340
"Isolation",59.4666666666667,78,892
"Springsteen on Broadway",25.9,36,518
"OIL OF EVERY PEARL'S UN-INSIDES",40.6666666666667,53,366
"Sparrow",17.75,43,213
"Tracyanne & Danny",11.5,20,115
"Jericho Sirens",18.3,35,183
"Remain in Light",18.875,30,151
"Heaven and Earth",19.5625,38,313
"Radyo siwèl",26.5833333333333,49,319
"Double Negative",31.5454545454545,36,347
"To the Sunset",17.3,22,173
"After (Live)",7.83333333333333,11,94
"DAYTONA",53.5714285714286,61,375
"Phantom Thread (Original Motion Picture Soundtrack)",32,48,576
"Some Rap Songs",49.8666666666667,66,748
"All at Once",23.1333333333333,40,347
"Knock Knock",30,52,480
"Glass",10,10,10
"iridescence",46.2,54,693
"Ordinary Corrupt Human Love",34.5714285714286,41,242
"Working Class Woman",19.1,35,191
"Transangelic Exodus",26.6923076923077,48,347
"Things Have Changed",16.9166666666667,38,203
"I'm All Ears",32.3636363636364,43,356
"Hell-On",21.5,29,258
"Interstate Gospel",28.8571428571429,44,404
"Gave in Rest",16.5714285714286,37,116
"Landfall",19.3,37,386
"Ecstatic Arrow",5.5,11,55
"ASTROWORLD",71.6470588235294,82,1218
"Bloom",56.2,66,562
"And Nothing Hurt",14.4444444444444,22,130
"WARM",22.6363636363636,32,249
"Snares Like a Haircut",11.6666666666667,31,140
"The Hex",21.7272727272727,49,239
"KIDS SEE GHOSTS",63,70,441
"MITH",4.8,11,48
"Last Man Standing",22,35,242
"Body",4,4,4
"Ephorize",26.4,47,396
"Hope Downs",26.4,46,264
"Insula",1.375,3,22
"Invasion of Privacy",63.4615384615385,78,825
"Singularity",38.1666666666667,48,458
"The Sciences",33.1666666666667,41,199
"Sparkle Hard",17.4545454545455,29,192
"All Nerve",23.5454545454545,35,259
"Listening To Pictures (Pentimento Volume One)",19,29,152
"Premonitions",30.4,42,304
"Negro Swan",45.8125,65,733
"Rebound",10.4,27,104
"Solo Piano III",27.2,35,408
"Raw Silk Uncut Wood",19.5,31,117
"Hunter",26,34,260
"Everything's Fine",14.0666666666667,21,211
"Song for Alpha",7.64285714285714,16,107
"Freedom's Goblin",24.9473684210526,54,474
"Don’t Look Away",0.916666666666667,5,11
"Autobiography (Music from Wayne McGregor's Autobiography)",1.69230769230769,5,22
"Magus",12.4545454545455,21,137
"Aviary",16.4666666666667,26,247
"Anticlines",12.6428571428571,26,177
"Look Now (Deluxe Edition)",16.0625,28,257
"Dose Your Dreams",12.3888888888889,23,223
"Saturn",41,63,533
"The Prodigal Son",18.7272727272727,30,206
"LONER",42.1818181818182,58,464
"Beyondless",20.7,33,207
"All Melody",35.6666666666667,47,428
"Mozart's Mini-Mart",3.94117647058824,10,67
"Follow Them True",11.4615384615385,33,149
"Future Me Hates Me",36.2,46,362
"Electric Messiah",24.5555555555556,35,221
"Street Safari",8.63636363636364,25,95
"God's Favorite Customer",37.1,46,371
"Songs of Praise",35.8,47,358
"Age Of",20.2307692307692,27,263
"A Brief Inquiry Into Online Relationships",60.2,75,903
"abysskiss",33.4,46,334
"New Hymn to Freedom",11,18,66
"What a Time to Be Alive",10.7272727272727,22,118
"All That Reckoning",7.81818181818182,15,86
"Hive Mind",47.2307692307692,65,614
"Years",20.2,36,202
"Lavender",16.1666666666667,32,194
"Qualm",15.25,27,183
"Babelsberg",10.6,19,106
"How to Socialise and Make Friends",22.4444444444444,33,202
"We're Your Friends, Man",1.25,7,25
"Heaven",23.7777777777778,36,214
"At Weddings",25.4,49,254
"Construction Time & Demolition",3.54545454545455,14,39
"Now Only",19.8333333333333,24,119
"The Lookout",15.1666666666667,32,182
"Wide Awake!",41.3846153846154,54,538
"Our Raw Heart",25.5714285714286,32,179
"With Animals",16.8333333333333,27,202
"Suspiria (Music for the Luca Guadagnino Film)",32.3,60,646
"Make Way for Love",33.3636363636364,45,367
"Sister Cities",31.8181818181818,41,350
"Caution",39.4,44,394
"Black Times",19.5,34,39
"Nothing Is Still",34.2,54,342
"The Future And The Past",16,36,192
"Falling Trees",47,47,47
"Songs You Make at Night",7.54545454545455,21,83
"Now That I'm a River",11.9,30,119
"Nearer My God",28,41,336
"Historian",43.8,65,438
"Childqueen",27.6,36,276
"Le Kov",16,33,160
"Irisiri",20.6923076923077,29,269
"Bellowing Sun",0.416666666666667,1,5
"Broken Politics",13.4166666666667,23,161
"True Meanings",20.1428571428571,33,282
"Shelley's on Zenn-La",11.375,29,91
"Lala Belu",26,38,156
"Angels of Death",4.1,12,41
"Onion",30.4615384615385,45,396
"Bark Your Head Off, Dog",31.6666666666667,42,285
"13 Rivers",3.07692307692308,6,40
"Dead Magic",33.8,42,169
"By The Way, I Forgive You",43.7,58,437
"Damned Devotion",12.0833333333333,25,145
"Open Here",3,17,33
"Konoyo",17,22,119
"American Dollar Bill - Keep Facing Sideways, You're Too Hideous To Look At Face On",3.8,6,19
"Redemption",48.6,70,729
"LUMP",19.7142857142857,26,138
"Prequelle",52.9,64,529
"Palo Santo (Deluxe)",41.3125,57,661
"Room Inside the World",16.6666666666667,30,150
"Extralife",25.8333333333333,53,310
"FM!",34.9090909090909,49,384
"Shelter",11.7,34,117
"Chemistry Lessons Volume 1",0.6,8,12
"Lost & Found",56.5,67,678
"Ultraviolet",19.5714285714286,34,137
"Your Queen Is A Reptile",32.6666666666667,43,294
"Be More Kind",33.2307692307692,47,432
"Time & Space",42.9230769230769,56,558
"Lomas",21,21,210
"Yawny Yawn",12.2,32,122
"Downey to Lubbock",31,31,31
"The Horizon Just Laughed",29.3636363636364,49,323
"Kill the Lights",15.8,28,158
"Someday Everything Will Be Fine",1.4,5,14
"Pastoral",8.21428571428571,12,115
"Sweetener",65.8666666666667,79,988
"The Crossing",5.58823529411765,18,95
"We're Not Talking",5.91666666666667,25,71
"Devotion",32.6363636363636,50,359
"She Remembers Everything (Deluxe)",14.1538461538462,26,184
"New Path",4.16666666666667,9,25
"Forth Wanderers",29.3,39,293
"Ventriloquism",24.5454545454545,40,270
"I Need to Start a Garden",51.125,62,409
"The Louder I Call, the Faster It Runs",17.25,26,207
"Steve Reich: Pulse / Quartet",11.25,15,45
"Noonday Dream",37.7,49,377
"Black Panther (Original Score)",36.75,54,735
"7",43.5454545454545,56,479
"Fever",15.6666666666667,35,188
"Another Life",18.1666666666667,34,218
"The Morning Star",2.57142857142857,4,18
"Overload",10.2307692307692,19,133
"Power",8.45454545454546,23,93
"Vanished Gardens",22.2,39,222
"Tell Me How You Really Feel",31.8,37,318
"Hundreds of Days",24.5714285714286,35,172
"Vessel",21.9444444444444,33,395
"Faithful Fairy Harmony",3.44444444444444,7,62
"Grid of Points",27,38,189
"Lush",45.7,54,457
"Fixed Ideals",9.23076923076923,26,120
"EVERYTHING IS LOVE",47.3333333333333,60,426
"Desperate Man",44.7272727272727,57,492
"Performance",23.3333333333333,34,210
"A Laughing Death in Meatspace",30.1111111111111,44,271
"Infinite Moment",15.1666666666667,18,91
"Bad Contestant",43.0909090909091,71,474
"Goat Girl",18.8421052631579,35,358
"Three/Three",13.4210526315789,41,255
"Still Trippin'",2.125,10,34
"C’est La Vie",32,46,288
"King of Cowards",20.8333333333333,37,125
"MASSEDUCTION",42.1538461538462,54,548
"World’s Strongest Man",28.5454545454545,47,314
"Hollow Ground",20.3,41,203
"Physical",6.35714285714286,19,89
"Knowing What You Know Now",28.1666666666667,45,338
"Come Over When You're Sober, Pt. 2",64.6923076923077,81,841
"Here Lies the Body",1,4,10
"Wanderer",33.4545454545455,48,368
"EMANON",6.2,19,62
"Last Building Burning",14,18,112
"Songs of the Plains",46.3636363636364,58,510
"DNA Feelings",4.45454545454545,10,49
"Twerp Verse",10.5454545454545,22,116
"May Your Kindness Remain",14.1,25,141
"Lifted",12,29,144
"Twisted Crystal",19,36,171
"Smote Reverser",24.5454545454545,37,270
"Constant Image",13.7,24,137
"Book of Bad Decisions",23.2,34,348
"Rausch",13.125,18,105
"I'll Tell You What!",3.58333333333333,13,43
"Confident Music for Confident People",29.4545454545455,40,324
"Dancing Queen",41.5,46,415
"Novelist Guy",9.46666666666667,14,142
"Head Cage",20.1666666666667,30,242
"Could It Be Different?",4.72727272727273,9,52
"Foxwarren",36.8,54,368
"Love Is Magic",6.1,12,61
"Black Velvet",30.5555555555556,48,275
"K.O.",10.8461538461538,38,141
"A Star Is Born Soundtrack",39.85,84,797
"Understand What Black Is",6.7,19,67
"Dionysus",30.5714285714286,36,214
"Mother",3.44444444444444,7,31
"Dungeness",1.4,4,14
"Con Todo El Mundo",48.6,55,486
"Bottle It In",35,49,455
"Swimming",69.3846153846154,79,902
"The Nature of Imitation",15.8181818181818,32,174
"Ghost Forests",13,15,78
"Twentytwo in Blue",14.9090909090909,34,164
"Criminal",20.2,32,202
"Widdershins",3,9,36
"A Humdrum Star",27.6666666666667,38,249
"Christmas Everywhere",10.25,16,123
"Call The Comet",21.75,36,261
"Clean",38.6,56,386
"Tearing At The Seams",46.9166666666667,61,563
"I can feel you creep into my private life",19.9166666666667,35,239
"Possible Dust Clouds",7.3,9,73
"Jake Shears",9.66666666666667,19,116
"Sculptor",10.6,31,106
"The Salt Doll Went to Measure the Depth of the Sea",9.25,31,111
"The Thread That Keeps Us (Deluxe Edition)",11.1,24,222
"Last Night",0.363636363636364,2,4
"Camila",59.6363636363636,80,656
"Dance on the Blacktop",30.2222222222222,46,272
"Among the Ghosts",24.5,33,245
"I'm Bad Now",4.09090909090909,11,45
"I Don't Run",15.4545454545455,25,170
"Merrie Land",25.1818181818182,39,277
"Deeper Woods",1.14285714285714,2,8
"No Cross No Crown",16.8666666666667,33,253
"The Tree of Forgiveness",40,52,400
"Liberty",5.66666666666667,16,85
"There’s A Riot Going On",21.4,30,321
"A Legendary Christmas",47.9473684210526,70,911
"Bad Witch",31.8333333333333,39,191
"The Art Of Pretending To Swim",28.5555555555556,56,257
"Lamp Lit Prose",23.7,37,237
"BASIC VOLUME",7.93333333333333,33,119
"Whistle Down The Wind",5.2,10,52
"Uniform Distortion",13.4545454545455,27,148
"Silver Dollar Moment",18.8333333333333,42,226
"Little Dark Age",54.3,83,543
"Space Gun",7.93333333333333,16,119
"For My Crimes",8.54545454545454,23,94
"You're Not Alone",19.5625,31,313
"Volume 8",5.2,13,26
"Championships",52.6315789473684,80,1000
"Love The Holidays",21.2857142857143,29,298
"Bon Voyage",32.1428571428571,52,225
"Moosebumps: an exploration into modern day horripilation",13.6363636363636,22,150
"Firepower",42,53,588
"Basic Behaviour",9.1,18,91
"It's a New Day Tonight",23.5,42,235
"Family Portrait",30.5,40,366
"I Don't Want: The Gold Fire Sessions",34.6,55,346
"Record",8.66666666666667,19,78
"Cosmic Wink",9.55555555555556,23,86
"First Flower",23,40,253
"Fudge Sandwich",20.0909090909091,31,221
"The Blue Hour",10.0714285714286,24,141
"Resolve",11.1,25,111
"Dream Wife",16.0909090909091,32,177
"Bodied",5,16,65
"Brighter Wounds",27.4,39,274
"Venetian Snares x Daniel Lanois",2.125,4,17
"Ruins",42.9,55,429
"Deafman Glance",14.8888888888889,44,134
"Challenge Me Foolish",2.14285714285714,9,30
"Obey",13.8,28,138
"Perfect Shapes",11.3,32,113
"SR3MM",44.55,65,891
"The Official Body",14.4,32,144
"Messes",12,32,132
"Thunder Follows the Light",12.7,30,127
"Queen of Golden Dogs",14.4444444444444,29,130
"Phoenix (Deluxe Edition)",40.0625,65,641
"No. 4",14.8181818181818,31,163
"Fall into the Sun",14.6363636363636,34,161
"As Long As I Have You",10.9090909090909,22,120
"Tranquility Base Hotel & Casino",52.9090909090909,60,582
"Bunny",15.7857142857143,41,221
"Hormone Lemonade",5.4,12,54
"Insecure Men",19,39,209
"Quiet and Peace",7.64285714285714,17,107
"hej!",5.9,12,59
"The Return",24,32,240
"My Way",19.8181818181818,29,218
"Evil Spirits",13.1,22,131
"Million Dollars to Kill Me",28.7,44,287
"The Lamb",24.4166666666667,40,293
"Combat Sports",34.7272727272727,49,382
"Who Are You",18.8888888888889,43,170
"Digital Garbage",9.54545454545454,17,105
"Murmurations",9.11111111111111,22,82
"Sex & Food",39.0833333333333,64,469
"Music for the Long Emergency",11.2857142857143,31,79
"Tahoe",14.375,24,115
"Hardly Electronic",5.92857142857143,19,83
"High As Hope",52.9,63,529
"Living in Extraordinary Times",17.875,30,286
"Mr. Dynamite",0,0,0
"Elastic Days",17.0833333333333,30,205
"Conquistador",5.4,8,27
"Wait For Love",20.5,30,205
"async remodels",19.1818181818182,36,211
"Please Don't Be Dead",21.0909090909091,45,232
"Vaxis II: A Window of the Waking Mind",48.0769230769231,54,625
"Quit The Curse",11.6666666666667,20,105
"The Other",22.4,36,224
"Czarface Meets Metal Face",36.6875,54,587
"Go To School",19.5625,37,313
"The Switch",3.6,6,18
"The Long Walk",6.875,18,55
"Black Rainbow Sound",1.4,10,14
"Bought to Rot",21.7857142857143,31,305
"I Have Fought Against It, But I Can’t Any Longer.",17.4,31,174
"Elephants on Acid",30.4,45,608
"Floating Features",29.2727272727273,52,322
"Johnny Cash: Forever Words Expanded",24.65,47,493
"Everything Was Beautiful, and Nothing Hurt",11.3333333333333,19,136
"Everything Is Recorded by Richard Russell",24.0833333333333,43,289
"No Shame",35.2857142857143,46,494
"K.T.S.E.",52.25,72,418
"Good Thing",52.8,72,528
"Love, Loss, and Auto-Tune",21.5555555555556,41,194
"On Reflection",14,22,126
"A Broke Moon Rises",7.6,9,38
"Hippo Lite",14.75,33,177
"European Heartbreak",9.90909090909091,20,109
"Boarding House Reach",25.5384615384615,41,332
"Across The Meridian",9.25,32,111
"Ghost Stories for Christmas",1.8,3,18
"Kazuashita",9.7,26,97
"Encore",33.5454545454545,58,369
"I Like Fun",22.2666666666667,37,334
"Endless Scroll",20.2142857142857,35,283
"LIONHEART",6,9,54
"Us",22.8,36,228
"Snow Bound",5.8,10,58
"Egypt Station",29.3125,41,469
"KIN",14.5555555555556,26,131
"Now! (in a minute)",10,29,130
"Part Of The Light",33.3333333333333,64,300
"Go Dig My Grave",0.6,2,6
"Powerhouse",14.4,34,144
"Passwords",22.7,40,227
"Rare Birds",19.6153846153846,40,255
"The Anteroom",7.75,16,124
"KOD",60.3333333333333,75,724
"Superorganism",37.4,57,374
"Closer Apart",1,3,13
"Last Night All My Dreams Came True",8.38461538461539,14,109
"Minus",2,10,14
"Lo Moon",24.8,41,248
"Art of Doubt",32.5,41,390
"The Now Now",54.9090909090909,66,604
"A Million and One",10.3,20,103
"Resistance is Futile",4.91666666666667,15,59
"ZEBRA",11.6363636363636,26,128
"12",6.75,14,81
"Oxnard",45.9285714285714,59,643
"The Prophet Speaks",19,23,266
"Render Another Ugly Method",12.0909090909091,30,133
"Myths 003",15.7142857142857,32,110
"Francis Trouble",39.2,54,392
"The Sound of Music",7,18,84
"Magic Ship",27.9285714285714,51,391
"Mulberry Violence",9.5,16,95
"Big Red Machine",34.1,50,341
"Marble Skies",12.6,20,126
"Marauder",37.9230769230769,54,493
"Jellies",6.81818181818182,30,75
"Geography",50.3076923076923,65,654
"Rainier Fog",38.6,45,386
"Shawn Mendes",62.1428571428571,75,870
"Love Is Dead",39.5384615384615,53,514
"Ella Mai",51.875,74,830
"Vessel of Love",19.7,27,197
"New Material",16.625,28,133
"Resistance",8,20,96
"American Utopia on Broadway (Original Cast Recording)",28.4,34,568
"No Sounds Are Out of Bounds (Deluxe)",8.4,28,168
"Panic Blooms",18.875,31,302
"The Deconstruction",21.0666666666667,41,316
"Violence",35,47,315
"Spencer Sings the Hits!",5.33333333333333,10,64
"The Pains Of Growing",43.6,73,654
"Halloween (Original 2018 Motion Picture Soundtrack)",32.15,53,643
"Whateva, Vol. 3 Beats",19,26,190
"Tha Carter V",54.7,67,1094
"Dove",0,0,0
"All That Must Be (Remixes)",14.8666666666667,50,223
"This Is Eggland",9.36363636363636,25,103
"Pissing Stars",6.66666666666667,12,60
"One for the Ghost",1.4,2,14
"Always Ascending",32.1,41,321
"V.",31.8571428571429,44,223
"Mogic",6.6,17,66
"Blood Remixed",37.1428571428571,65,520
"Islands",9.83333333333333,16,118
"Liberation",33.7333333333333,49,506
"YSIV",47.7142857142857,56,668
"Wrong Creatures",18.9166666666667,30,227
"The Lillywhite Sessions",4.5,12,54
"The Magic Gang (Deluxe)",24.5625,43,393
"Starcrawler",22.3,35,223
"Dimensional People",6.25,14,75
"Shape The Future",18.0909090909091,49,199
"Uncle, Duke & The Chief",20.2222222222222,37,182
"Vide Noir",45.9166666666667,59,551
"How To Solve Our Human Problems Parts 1-3",19,31,285
"Jassbusters",34.25,43,274
"Sleepless",0.7,2,7
"Electric Light",42.6428571428571,74,597
"Beautiful Thing",3.2,7,32
"pure beauty",2,2,2
"Colt",25.125,45,201
"Die Lit",66.4736842105263,79,1263
"STAY DANGEROUS",41.8666666666667,66,628
"so sad so sexy",44.8,73,448
"One People One World",6.33333333333333,27,76
"Any Day",14.1,23,141
"Walk Between Worlds",23.5454545454545,30,259
"LoveLaws",14.6,29,146
"In the Blue Light",24.5,33,245
"Icarus Falls",51.15,67,1023
"Felt",11.3636363636364,18,125
"Indigo",29.2727272727273,44,322
"Queen Radio: Volume 1",32.25,80,645
"Addendum",24,38,288
"Hold on to Your Heart",17.1,36,171
"Lost Friends",20.3333333333333,46,244
"Pray for the Wicked",59.2727272727273,81,652
"SEMICIRCLE",13.6666666666667,27,164
"Masana Temples",36.8,49,368
"Thank You for Today",40.4,47,404
"Culture II",56.8,78,1136
"The Diet",5.5,21,66
"The House",21.2857142857143,40,298
"Cry Pretty",43.3846153846154,58,564
"WARZONE",5.23076923076923,13,68
"I'll Be Your Girl",34.3636363636364,47,378
"Darkness Rains",13,26,130
"Sleepwalkers",32.1666666666667,42,386
"White Is Relic/Irrealis Mood",19.6666666666667,36,118
"Year Of The Snitch",38,48,494
"Pinkus Abortion Technician",8.625,12,69
"Woman Worldwide",34.0666666666667,39,511
"Mark Kozelek Sings Favorites",19.8333333333333,41,238
"Forever Neverland",37.7142857142857,51,528
"Vitriola",13.4,27,134
"Caer",25.6923076923077,58,334
"Between Two Shores",26.4,51,264
"Longwave",27.5,41,275
"Eat The Elephant",43.8333333333333,51,526
"Arthur Buck",2.09090909090909,8,23
"Love in the Modern Age",13.7777777777778,31,124
"Dean Wareham vs. Cheval Sombre",2.7,4,27
"Pinned",16.6666666666667,31,200
"Moaning",11.7,24,117
"Hundred Acres",36.5,55,365
"In The Rainbow Rain",9.8,25,98
"Critical Equation",31.2,41,312
"Lightsleeper",3.18181818181818,7,35
"Wham! Bang! Pow! Let's Rock out!",8.5,20,102
"Language",17.4375,33,279
"A Productive Cough",7.71428571428571,12,54
"Virtue",41.4666666666667,56,622
"TESTING",58.8666666666667,82,883
"Our Country: Americana Act 2",3.42105263157895,8,65
"Out of Touch",11.7,22,117
"Bell House",5.3,14,53
"Monsters Exist (Deluxe)",16.0588235294118,25,273
"Head Over Heels",34,48,408
"Full Circle Nightmare",13.6,32,136
"Scorpion",65.7,84,1314
"Move Through the Dawn",3.09090909090909,13,34
"Sir",17,32,221
"Joyride",35.1538461538462,48,457
"Free Yourself Up",40.8,61,408
"Joy",13,25,195
"The Capitol Studios Sessions",23,33,322
"For Ever",50.1538461538462,67,652
"No Tourists",40.9,49,409
"Slow Air",36,50,360
"IC-01 Hanoi",26.1428571428571,33,183
"Passover",0.0769230769230769,1,1
"The Straight Hits!",0.6,2,6
"Megaplex",13.7,19,137
"SHINY AND OH SO BRIGHT, VOL. 1 / LP: NO PAST. NO FUTURE. NO SUN.",31.75,44,254
"Wildness (Deluxe)",35.4,48,531
"Amerikkkant",17.8888888888889,26,161
"Yeezus",65.1,86,651
"Simulation Theory (Super Deluxe)",46.55,61,931
"Golden",28.8235294117647,46,490
"It’s About Time",27.8,50,278
"Drift",4,9,36
"Yesterday Was Forever",19.5714285714286,31,274
"The Atlas Underground Fire",31,51,372
"Where Wildness Grows",5.75,31,69
"Kamikaze",61.6153846153846,75,801
"Speak Your Mind (Deluxe)",50.6666666666667,82,912
"Staying at Tamara's",56.0909090909091,76,617
"My Mind Makes Noises",28.9285714285714,42,405
"Stone Temple Pilots (2018)",27.4166666666667,42,329
"Tangerine Reef",9.15384615384615,15,119
"Delta",45.9285714285714,57,643
"Let's Go Sunshine",30.0666666666667,43,451
"Origins (Deluxe)",62.7333333333333,82,941
"Natural Rebel (Deluxe)",25.1666666666667,35,302
"MANIA",53.2,59,532
"NASIR",44.2857142857143,53,310
"Evolution",44.6,57,446
"Crooked Shadows",28.5555555555556,48,257
"Coup De Grace",29.5,40,295
"Happy Xmas",25.8571428571429,35,362
"The Time Is Now (Expanded Edition)",29.2,51,438
"Smalls Change (Meditations Upon Ageing)",0.714285714285714,5,10
"Man of the Woods",43.625,69,698
"Anthem Of The Peaceful Army",54,62,594
"Nuthin' 2 Prove",45.9333333333333,72,689
"beerbongs & bentleys",68.3888888888889,84,1231
"Lil Boat 2",47.4117647058824,72,806
"TOTAL XANARCHY",40.25,70,644
"44/876 (Deluxe)",37.0625,56,593
"SKINS",62.1,73,621
"DUMMY BOY",58.5384615384615,77,761
"Ghosteen",41.4545454545455,51,456
"Titanic Rising",53.5,67,535
"GREY Area",42.7,55,427
"Gold & Grey",22.0588235294118,36,375
"Jimmy Lee",19.1538461538462,36,249
"Eve",27.75,43,444
"PSYCHODRAMA",61.6363636363636,79,678
"KIWANUKA",45.5,55,637
"LEGACY! LEGACY!",27.0769230769231,36,352
"All Mirrors",38,54,418
"When I Get Home",39.8947368421053,64,758
"We Are Not Your Kind",54.4285714285714,73,762
"War Music",29.8,37,298
"CALIGULA",28.9090909090909,36,318
"Designer",38.7777777777778,58,349
"MAGDALENE",51.2222222222222,63,461
"Jaime",33,52,363
"Bandana",43.1333333333333,58,647
"Shepherd in a Sheepskin Vest",21.75,34,435
"U.F.O.F.",37.4166666666667,50,449
"Reward",25.8,45,258
"Purple Mountains",34.8,44,348
"Norman Fucking Rockwell!",70.9285714285714,82,993
"Remind Me Tomorrow",38.4,59,384
"thank u, next",71.25,85,855
"Midsommar (Original Motion Picture Score)",26.9166666666667,39,323
"House of Sugar",40.3846153846154,54,525
"Dogrel",32.6363636363636,43,359
"PUNK",19.3,29,193
"there is no Other (with Francesco Turrisi) [Deluxe Version]",15.625,37,250
"Badbea",8.08333333333333,20,97
"Morbid Stuff",40.3636363636364,48,444
"ZUU",47.8333333333333,64,574
"All My Heroes Are Cornballs",42.2777777777778,55,761
"Walk Through Fire (Deluxe Edition)",33.9285714285714,49,475
"Bird Songs of a Killjoy",27.75,40,333
"Amadjar",11.6153846153846,24,151
"Life Metal",24.75,31,99
"In Cauda Venenum (Extended Edition)",25.15,34,503
"Patience",34.6,46,346
"Two Hands",37.6,51,376
"Miss Universe",25.2941176470588,41,430
"On the Line",29.7272727272727,40,327
"amo",55.6153846153846,64,723
"Crushing",35.1,50,351
"Any Human Friend",16.8181818181818,26,185
"The Age Of Immunology",21.7,36,217
"IT WON/T BE LIKE THIS ALL THE TIME",17.1818181818182,25,189
"Anicca",34.3333333333333,55,515
"Eton Alive",20.1666666666667,34,242
"Mazy Fly",23.5,38,282
"No Holiday",6.61111111111111,13,119
"Giants of All Sizes",24.4444444444444,32,220
"The Imperial",8.2,19,82
"The Practice of Love",22.375,34,179
"Sulphur English",12,21,108
"The Book Of Traps And Lessons",31.9090909090909,43,351
"Dolphine",8.54545454545454,30,94
"Western Stars",39.5384615384615,54,514
"Empath",28.6,38,286
"Henryk Górecki: Symphony No. 3 (Symphony Of Sorrowful Songs)",22.3333333333333,26,67
"Quiet Signs",37.3333333333333,46,336
"ANIMA",37.1111111111111,55,334
"Thanks for the Dance",40,49,360
"Cuz I Love You",54.1818181818182,75,596
"Humanworld",5.91666666666667,14,71
"Athena",32,49,448
"uknowhatimsayin¿",36.7272727272727,42,404
"Trust In The Lifeforce Of The Deep Mystery",35,46,315
"Like The River Loves The Sea",24.5833333333333,52,295
"Heavy Lifter",23.6923076923077,42,308
"While I'm Livin'",24.8,36,248
"Deserted",2.22222222222222,4,20
"The Return",28.6842105263158,49,545
"Devour",10,13,50
"placeholder",17.9166666666667,38,215
"Significant Changes",13.6666666666667,30,164
"The Afterlife",23.6666666666667,30,142
"A Bath Full of Ecstasy",28.5,39,342
"Miri",15.3636363636364,43,169
"forevher",29.4545454545455,47,324
"Clarity",42.8333333333333,58,514
"At the Party With My Brown Friends",22.1111111111111,27,199
"When I say to you Black Lightning",2.11111111111111,5,19
"Pang",49.0714285714286,68,687
"Everythings For Sale",47,59,611
"WHEN WE ALL FALL ASLEEP, WHERE DO WE GO?",71.4285714285714,84,1000
"Saves The World",42.75,56,513
"Texas Piano Man",22.7272727272727,45,250
"Resonant Body",20,36,160
"STONECHILD",15.2727272727273,35,168
"When I Have Fears",30.5,42,305
"Nothing Great About Britain",41.375,62,662
"Polymer",18.8461538461538,34,245
"Anak Ko",26,43,234
"We Get By",19.5454545454545,48,215
"Rammstein",63.3636363636364,77,697
"Midnight",16.4166666666667,33,197
"Sirens",2,14,28
"Good At Falling",40.3846153846154,61,525
"How To Live",12.5,28,125
"Analog Fluids of Sonic Black Holes",8.46153846153846,17,110
"Heavy Is The Head",59.25,72,948
"Cows on Hourglass Pond",19,33,190
"2020",23.7,31,237
"Vagabon",25.3,43,253
"This (Is What I Wanted to Tell You)",6.75,13,54
"The Undivided Five",36.8888888888889,60,332
"Odds Against Tomorrow",10.8,21,108
"A Beautiful Thing: IDLES Live at Le Bataclan",17.421052631579,23,331
"BUBBA",52.4117647058824,66,891
"Get Tragic",10.1818181818182,29,112
"True North",4.90909090909091,21,54
"Nighttime Stories",20.5,28,164
"Father of the Bride",42.3888888888889,61,763
"Ventura",53.0909090909091,63,584
"Sunshine Rock",11.4166666666667,21,137
"Final Transmission",13,20,130
"Why Hasn't Everything Already Disappeared?",25.1,33,251
"what we say in private",11.5,29,115
"Rap Or Go To The League",40.5714285714286,53,568
"Panorama",30.4,36,304
"Inferno",8.44444444444444,14,76
"August",11.9166666666667,40,143
"PROTO",20.7692307692308,33,270
"Schlagenheim",41.2222222222222,47,371
"Absolute Zero",14.5,38,145
"American Love Call",46.3333333333333,57,556
"Birth of Violence",28.6666666666667,41,344
"Wildcard",43.1428571428571,68,604
"ATAXIA",2.11111111111111,12,19
"Help Us Stranger - With Track-by-Track Commentary",17.35,42,347
"Blood",37.0769230769231,56,482
"Apollo XXI",58,76,696
"Beware of the Dogs",31.6153846153846,45,411
"Of the Sun",2.75,8,33
"This Land",33.5294117647059,52,570
"new breed",14,31,126
"Cheap Queen",41.0769230769231,52,534
"Memory",7.33333333333333,14,88
"Young Enough",24.2727272727273,35,267
"Atlanta Millionaires Club",54.1,73,541
"AJ Tracey",43.3333333333333,69,650
"You Will Not Die (Deluxe Version)",10.5,31,189
"The Talkies",19.1666666666667,29,230
"Diviner",14.9,35,149
"Fear Inoculum",53.9,64,539
"Careful",39.2,49,392
"IGOR",67.75,82,813
"Fever",46.5,65,651
"Late Night Tales: Floating Points (DJ Mix)",26.375,42,422
"On Time Out of Time",14,17,112
"Crush",38.1666666666667,49,458
"Deceiver",36.8,46,368
"Blume",8.2,28,82
"Ode to Joy",25.2727272727273,50,278
"A Distant Call",20,41,200
"Oh My God",29.0714285714286,40,407
"Amyl and The Sniffers",32.7272727272727,41,360
"Ribbons",29.8125,50,477
"Raw Honey",33.2222222222222,52,299
"About The Light",12.7,18,127
"Agora",15.75,19,63
"This Is How You Smile",32.25,46,387
"Hypersonic Missiles",55.2307692307692,69,718
"Brickbat",14.5,37,145
"Giant Swan",19.1,31,191
"I Am Easy to Find",41.5,61,664
"Twelve Nudes",24.4545454545455,36,269
"GUY",12.8125,23,205
"Three Chords And The Truth",20.1428571428571,25,282
"Goes West",24.9,35,249
"Wraith",5.55555555555556,10,50
"American Football (LP3)",27.125,40,217
"Admission",21.8181818181818,33,240
"Dog Whistle",32.6363636363636,47,359
"Future Ruins",7.7,12,77
"Flamagra",30.1,51,602
"My Finest Work Yet",41.7,59,417
"Rainford",8,9,72
"Jinx",50.9,68,509
"Further",23.8181818181818,29,262
"No Home Record",20.8888888888889,32,188
"Compliments Please (Deluxe)",25,40,425
"Assume Form",44.5833333333333,65,535
"Side Effects",16.1111111111111,25,145
"i,i",50.4615384615385,64,656
"Animated Violence Mild",14.75,20,118
"Powers",1.5,3,18
"Horizon",3.63636363636364,8,40
"Black Friday",10.0833333333333,26,121
"Keepsake",19,25,190
"Charli",46.7333333333333,55,701
"Pang!",9.44444444444444,25,85
"The Center Won't Hold",18,29,198
"The Highwomen",43.4166666666667,59,521
"Serfs Up!",28.9,39,289
"Love Keeps Kicking",12.7272727272727,24,140
"ONDA",13.75,19,110
"The Flower And The Vessel",10.3636363636364,21,114
"Face Stabber",23,30,322
"No Geography",38.7,52,387
"Full Upon Her Burning Lips",15.5,23,155
"SOUND & FURY",44.7,52,447
"Shlon",10.8333333333333,18,65
"Lux Prima",35.7777777777778,47,322
"The Unseen In Between",20.3333333333333,40,183
"Hoodies All Summer",38.5,52,385
"No More Normal",6.09090909090909,16,67
"Reflections",29.4,42,294
"Feral Roots",38.6363636363636,57,425
"Tiny Changes: A Celebration of Frightened Rabbit's 'The Midnight Organ Fight'",21.2941176470588,27,362
"Psychedelic Country Soul",6,13,72
"So Much Fun",51.5789473684211,70,980
"Lost Wisdom, Pt. 2",20.375,28,163
"Anoyo",21,28,126
"Grim Town",18.9333333333333,50,284
"First Taste",13.6666666666667,24,164
"Crazy Horse a Tribute To Neil Young",7.83333333333333,15,94
"Satis Factory",14.4166666666667,30,173
"I Need A New War",14.6,29,146
"What It Is",20.6666666666667,33,248
"Live in London",10.0714285714286,33,141
"Tell Me You Love Me",50.0833333333333,75,601
"Tip of the Sphere",22.6363636363636,57,249
"Closer To Grey",25.6666666666667,47,308
"Pale Bloom",7.25,9,29
"Drift Code",5.77777777777778,11,52
"Dedicated",44.6666666666667,52,670
"The Who By Numbers (Expanded Edition)",24.7692307692308,55,322
"Wheeltappers and Shunters",17.6666666666667,45,212
"No Treasure But Hope",20,32,200
"Mala",41.5,56,581
"Phoenix",13.9230769230769,39,181
"Lover",74.7777777777778,84,1346
"Ignorance is Bliss",52.2307692307692,63,679
"Hollywood's Bleeding",71.1176470588235,86,1209
"In The Morse Code Of Brake Lights",21.4545454545455,42,236
"Nighttime Birds and Morning Stars",7.375,23,59
"Isa",5.66666666666667,7,51
"What a Boost",16.5,33,165
"Cala",21.2,48,212
"Where the Action is (Deluxe)",6,18,120
"Boat",16.7,31,167
"Ladytron",21.2307692307692,30,276
"To Believe",24,40,168
"Better Oblivion Community Center",45.5,54,455
"Somebody's Knocking",15.2857142857143,29,214
"Run Around the Sun",3.3,10,33
"Metronomy Forever",37.5882352941176,56,639
"The Devil You Know",12.8181818181818,24,141
"Useless Coordinates",16.4,26,164
"THE S.L.P.",9.45454545454546,20,104
"Equivalents",16,21,128
"Big Wows",9.81818181818182,28,108
"Post Earth",4.27272727272727,15,47
"South of Reality",29,43,261
"Surviving",31.4,43,314
"Gold Past Life",37.3636363636364,61,411
"Everything Not Saved Will Be Lost Part II",36.2857142857143,56,508
"Venus in Leo",20.6666666666667,30,186
"Tomb",33.4166666666667,54,401
"Sucker Punch",45.3333333333333,59,544
"The Seduction of Kansas",11,25,132
"There Will Be No Intermission",15.4,27,308
"Happy in the Hollow",7.27272727272727,18,80
"Terms of Surrender",25,51,250
"A People's History of Gauche",3.81818181818182,17,42
"Black Pumas",47.4,66,474
"In League with Dragons",25.5833333333333,31,307
"In the Shape of a Storm",17.6,31,176
"All My Relations",22.2,42,222
"Stars Are the Light",30.125,39,241
"Office Politics",15,31,240
"Laughing Matter",17.4,35,261
"Love Hates What You Become",1.5,3,15
"Braindrops",24.6666666666667,33,222
"Tasmania",24.4,37,244
"It's Real",14.2,25,142
"Infest The Rats' Nest",40.4444444444444,44,364
"Ride Me Back Home",20.1818181818182,32,222
"Look Up Sharp",19.8,34,198
"In Search of the Miraculous",0.5,2,5
"Vols. 11 & 12",38.25,52,306
"A Different Kind Of Human (Step II)",44.2727272727273,57,487
"Sonic Citadel",17.4545454545455,27,192
"You Deserve Love",33.1,48,331
"White Stuff",1.63636363636364,4,18
"Pony",45.0833333333333,64,541
"Chastity Belt",15.2,26,152
"Years to Burn",25.375,36,203
"Networker",15.4545454545455,24,170
"Mirrorland",40.7142857142857,53,570
"Can You Really Find Me",27.6,41,276
"FIBS",9,20,99
"The Lion King: The Gift",36.35,64,727
"Gathered",11.1333333333333,31,167
"Bigger Than Life",27.1818181818182,38,299
"In the End",34.5454545454545,43,380
"Olympic Girls",6.90909090909091,13,76
"The Route To The Harmonium",2.41666666666667,5,29
"Hyperspace",31.3636363636364,41,345
"Everything Not Saved Will Be Lost Part II",36.2857142857143,56,508
"How Do You Love?",34.9333333333333,55,524
"Highway Hypnosis",14.6923076923077,28,191
"Plastic Anniversary",9.45454545454546,21,104
"Shiny New Model",7.42857142857143,21,52
"Turn Off The News (Build A Garden)",23.3076923076923,42,303
"No Words Left",14.2727272727273,28,157
"Valve Bone Woe",12.7142857142857,34,178
"Scholars",4.41666666666667,9,53
"Lost Girls",31.2,42,312
"Scenery",25,39,300
"This Mess Is a Place",15.3,25,153
"This Wild Willing",19.5833333333333,32,235
"III",41.0769230769231,53,534
"False Alarm",30.5833333333333,36,367
"Enderness",18.1,30,181
"Fool",7.625,11,61
"Invitation",8.81818181818182,16,97
"Health",10.3333333333333,17,124
"Pyroclasts",24,32,96
"Up On High",18.3,35,183
"Pony",58.7,79,587
"Violet Street",37.5,62,375
"Malibu Ken",31.1,41,311
"Immunity",60.5454545454545,80,666
"Groove Denied",11.2,30,112
"End of Suffering",38.8461538461538,53,505
"Act Surprised",5.6,10,84
"Juice B Crypts",22.1818181818182,36,244
"Small Mercies",14.3076923076923,34,186
"The Best of Luck Club",17.4,37,174
"Lung Bread for Daddy",4.5,13,54
"All",11.5454545454545,25,127
"Close It Quietly",22.5,34,450
"Fine Line",77.75,89,933
"Doko Mien",15.2727272727273,30,168
"leaving meaning.",14.8333333333333,23,178
"EGOLI",20.0555555555556,45,361
"Girl with Basket of Fruit",16.2222222222222,25,146
"I Love You. It's a Fever Dream.",34.9,47,349
"Guesswork",3.75,6,30
"Forever Turned Around",37.5,54,375
"Injury Reserve",35.9230769230769,53,467
"This is Not the End",6.25,12,75
"Hey, I'm Just like You",27.5833333333333,35,331
"An Obelisk",11.2,19,112
"Hello Exile",36.25,48,435
"GINGER",53.3333333333333,73,640
"I Have to Feed Larry's Hawk",9.28571428571429,18,130
"Late Night Feelings",45.6923076923077,74,594
"Thrashing Thru The Passion",19.2,27,192
"Fever Breaks",23.2,41,232
"Gallipoli",32.4166666666667,48,389
"Social Cues",54.4615384615385,66,708
"Unfurl",40.3076923076923,53,524
"SASAMI",28.8,44,288
"Eraserland",19.4,35,194
"Jade Bird",36.25,49,435
"Seeker",7.6,18,76
"Weather Remixes",29,51,232
"Destroyer",16.75,25,134
"Mystery Hour",9.72727272727273,33,107
"Stuffed & Ready",34.3,43,343
"The Soft Cavalry",6.25,26,75
"After You",12,29,120
"Origin (Deluxe Edition)",34.4,58,688
"King's Mouth: Music and Songs",12.4166666666667,15,149
"Abundance Welcoming Ghosts",1.44444444444444,4,13
"Pursuit of Momentary Happiness",7.54545454545455,24,83
"Weird",4.36363636363636,8,48
"Inside The Rose",12.1111111111111,17,109
"Free Nationals",53.9230769230769,69,701
"Hasta El Cielo (Con Todo El Mundo In Dub)",30.8333333333333,35,370
"Dusty Notes",13.7,22,137
"Why Me? Why Not. (Deluxe Edition)",40.8571428571429,58,572
"MAP OF THE SOUL : PERSONA",70.2857142857143,80,492
"Miami Memory",29.7,42,297
"Guild of the Asbestos Weaver",0.2,1,1
"KIRK",56.1538461538462,75,730
"Almost Free",28.1538461538462,39,366
"Encore (Deluxe)",20.35,35,407
"What Chaos Is Imaginary",19.2857142857143,37,270
"""Let's Rock""",46.8333333333333,61,562
"YU",17.3076923076923,37,225
"Fishing for Fishies",35.7777777777778,40,322
"There Existed an Addiction to Blood",29.7333333333333,46,446
"LP5",16.9,27,169
"Angel's Pulse",39.5714285714286,58,554
"Bobbie Gentry's The Delta Sweete Revisited",8.66666666666667,23,104
"- Ugh, those feels again",49.7857142857143,68,697
"Wave",38.3,54,383
"The Competition",12.1818181818182,27,134
"Ephyra",4.625,24,37
"The Brian Jonestown Massacre",26.8888888888889,37,242
"The State Between Us",1.75,5,28
"Devour You",21.7692307692308,37,283
"Everyday Life",55.875,66,894
"Power Chords",24.4545454545455,35,269
"Outer Peace",42.5,57,425
"Spring",4.5,10,45
"Brutalism",25.6666666666667,34,231
"FATHER OF 4",51.4375,69,823
"Doom Days",48.0909090909091,61,529
"Free",12.6,25,126
"Until The Tide Creeps In",15.1,30,151
"Sweating the Plague",5.16666666666667,11,62
"Stunning Luxury",17,30,170
"Threads",25.2941176470588,38,430
"Czarface Meets Ghostface",22.75,30,273
"Fruits Basket",7.2,9,72
"One Of The Best Yet",27.5625,53,441
"Heard It In A Past Life",55.0833333333333,66,661
"In the Spirit World Now",16.2142857142857,33,227
"Death Becomes Her",0.142857142857143,2,2
"Romance",58.5,75,819
"Hurts 2B Human",37.5384615384615,66,488
"Girl",11.1818181818182,39,123
"Spirit Counsel",3.33333333333333,6,10
"Lust for Youth",16.5,22,132
"II",25,32,125
"The Big Day",43.9,61,878
"From Out of Nowhere",26,26,26
"VOL. 4 :: SLAVES OF FEAR",35.75,49,429
"Lookout Low",21.5,33,215
"Not Waving, But Drowning",52.2666666666667,64,784
"EVERYBODY'S EVERYTHING",33.1052631578947,56,629
"Buoys",17.7777777777778,23,160
"Still on My Mind",39.4166666666667,52,473
"FEVER DREAM",43.4545454545455,56,478
"Inflorescent",29.4545454545455,41,324
"A Dream Is U",1.9,11,19
"Kind Heaven",8.22222222222222,23,74
"4REAL 4REAL",43.1428571428571,65,604
"Madame X (Deluxe)",39.1333333333333,54,587
"Snaxx",23.7142857142857,46,332
"This Is Not a Safe Place",11.3333333333333,23,136
"Something Like A War",25.3846153846154,40,330
"Future Hndrxx Presents: The WIZRD",49.75,61,995
"Beneath the Eyrie (Deluxe)",25.5,41,510
"Let Love",22.4545454545455,31,247
"LAHS",33.3846153846154,54,434
"TUTTI",6.5,15,52
"CrasH Talk",51.3571428571429,65,719
"Easter is Cancelled (Deluxe)",24.0714285714286,34,337
"Our Pathetic Age",26.05,52,521
"Don’t You Think You’ve Had Enough?",19.6666666666667,41,236
"Altid Sammen",11.7777777777778,18,106
"Here Comes The Cowboy",47.9230769230769,70,623
"Tallies",3.45454545454545,10,38
"Labyrinth",15.1538461538462,28,197
"METAL GALAXY",40.9285714285714,54,573
"Cry",64.5555555555556,78,581
"INTERNATIONALLY UNKNOWN",16.1666666666667,35,194
"Interview Music",8.38461538461539,15,109
"Wallop",13.7857142857143,23,193
"Cause And Effect (Deluxe)",36.875,48,590
"Strange Creatures",13,24,130
"Courage (Deluxe Edition)",37.9,52,758
"Days of the Bagnold Summer",21.1538461538462,32,275
"DSVII",25.9333333333333,36,389
"Seeing Other People",20.3333333333333,31,183
"Hotel Last Resort",15.9230769230769,24,207
"Para Mi",46.8461538461538,68,609
"Emerald Valley",2.2,5,22
"Varshons 2",14.2307692307692,23,185
"Cotillions",9.29411764705882,13,158
"Hello Happiness",29.1428571428571,57,204
"Happy Now",5.5,12,55
"AOKOHIO",13.4210526315789,18,255
"Port of Miami 2",40.7333333333333,63,611
"Hot Motion",20.6363636363636,35,227
"Triage",19.1111111111111,29,172
"NINE",51.4,62,771
"Get The Money",21,32,210
"LOVE & EVOL",8.71428571428571,13,61
"GIRL",45.375,73,726
"Losst and Founnd",10.8181818181818,31,119
"No Man's Land",22.7692307692308,33,296
"Peter Doherty & The Puta Madres",22.2727272727273,31,245
"The Modern Age",5.7,10,57
"The Road: Part II / Lost Highway",13.05,29,261
"Sinematic",17.5384615384615,31,228
"Scatter the Rats",16.5454545454545,28,182
"Erotic Reruns",24.8888888888889,43,224
"Widow's Weeds",29.2,39,292
"Wasteland, Baby!",58.5,70,819
"Ripples",7,26,70
"Love + Fear",43.9375,54,703
"High Expectations",29.9,69,598
"Duck",29.8181818181818,40,328
"Death Race For Love (Bonus Track Version)",67.8,82,1356
"LABRINTH, SIA & DIPLO PRESENT... LSD",58.5,76,585
"Father Of Asahd",49.2,63,738
"In Plain Sight",10.0909090909091,22,111
"The Lost Tapes: 'Little' Louie Vega at the Underground Network NYC (Unmixed)",5.8,21,87
"Free Spirit",57.8823529411765,71,984
"Weezer (Teal Album)",48.3,58,483
"Helium",29.0769230769231,41,378
"Rise",18.375,39,294
"No.6 Collaborations Project",61.5333333333333,76,923
"California Son",24.9166666666667,34,299
"Why You so Crazy",16.9166666666667,34,203
"Closer Than Together",28.5384615384615,42,371
"Head Above Water",45.8333333333333,65,550
"JESUS IS KING",59.1818181818182,74,651
"Weezer (Black Album)",33.7,41,337
"Harverd Dropout",39.1875,51,627
"LP1",47.2777777777778,69,851
"Fetch The Bolt Cutters",46.7692307692308,58,608
"Rough and Rowdy Ways",40.8,47,408
"Set My Heart On Fire Immediately",33.8461538461538,49,440
"Sex, Death & The Infinite Void",24.9375,45,399
"Punisher",67,72,737
"Send Them To Coventry",33.9333333333333,50,509
"græ",31.55,53,631
"RTJ4",47.2727272727273,57,520
"SAWAYAMA",50.9230769230769,62,662
"Shortly After Takeoff",18.1111111111111,33,163
"Women In Music Pt. III",47.2777777777778,60,851
"We're New Again - A Reimagining by Makaya McCraven",19.2777777777778,29,347
"folklore",72.9375,84,1167
"Song For Our Daughter",41.1,52,411
"Future Nostalgia",71.1818181818182,83,783
"Saint Cloud",38.3636363636364,51,422
"Heaven To A Tortured Mind",46.5833333333333,61,559
"Alfredo",53.3,65,533
"Letter To You",44,51,528
"Home Grown! The Beginner's Guide To Understanding The Roots (Vol.1)",13.8125,26,221
"A Billion Heartbeats",4.4,8,44
"The Glow, Pt. 2",39.85,50,797
"Pain Olympics",18,26,144
"Workaround",12.2857142857143,21,172
"EDNA",41.35,62,827
"Ohms",51.1,56,511
"Shall We Go On Sinning So That Grace May Increase?",14.4444444444444,22,130
"Shore",40.5333333333333,59,608
"Use Me",46,53,506
"Róisín Machine",36.8,46,368
"The Night Chancers",19.4,37,194
"Big Conspiracy",50.2142857142857,63,703
"Heart's Ease",9.41666666666667,19,113
"Every Bad (Expanded Edition)",22.8421052631579,39,434
"Beyond the Pale",20.4285714285714,32,143
"Off Off On",30.0909090909091,49,331
"U kin B the Sun",30.3636363636364,40,334
"Throes of Joy in the Jaws of Defeatism (Bonus Tracks Version)",12.6666666666667,21,190
"Kitchen Sink",15.0909090909091,24,166
"We Will Always Love You",38.8,59,776
"Gold Record",22.8,30,228
"Nick of Time",23,44,299
"Silver Ladders",30.5714285714286,46,214
"Hannah",36.5714285714286,56,512
"Good News",53.8235294117647,71,915
"Acoustic",16.5454545454545,36,182
"Walking Proof",20.6363636363636,41,227
"NO DREAM",21.6923076923077,30,282
"Loom",1.375,5,11
"evermore",67.6,79,1014
"A Hero's Death",30.3636363636364,40,334
"Voices 2",38.7,46,387
"My Echo",9.5,26,95
"Forgotten Days",23.25,31,186
"Mama, You Can Bet!",8.73333333333333,16,131
"A Celebration Of Endings",42.6363636363636,57,469
"Blue Hearts",13.5,24,189
"Room For The Moon",17.7,30,177
"Mutable Set",19.6363636363636,26,216
"It Is What It Is",50.2,74,753
"RE-ANIMATOR",30.3636363636364,43,334
"Countless Branches (Deluxe Edition)",10.7058823529412,28,182
"Inner Song",33.7,43,337
"Lamentations",22.1666666666667,30,266
"All Things Being Equal",8.1,15,81
"Coriky",15.9090909090909,29,175
"Motherhood",9.09090909090909,21,100
"Underneath",30.1428571428571,42,422
"Eternal Atake",61.4444444444444,70,1106
"songs",47.4545454545455,62,522
"Suddenly",32.5,48,390
"What's Your Pleasure?",48.0833333333333,57,577
"Good Souls Better Angels",16.9166666666667,30,203
"In Blue",5.66666666666667,18,68
"Welcome to Hard Times",39.5384615384615,56,514
"We Are Sent Here By History",18.0909090909091,27,199
"Dark Matter",21.4,33,214
"Fantasize Your Ghost",13.4,30,134
"Petals For Armor",46.0666666666667,54,691
"Because of a Flower",31.2857142857143,42,219
"By The Fire",12,22,108
"Circles",65.8333333333333,75,790
"Your Life Is a Record",23.5454545454545,40,259
"Lament",32.4545454545455,43,357
"3.15.20",47.5,60,570
"Whole New Mess",22.7272727272727,33,250
"Pick Me Up Off The Floor",33.9090909090909,53,373
"Out of My Province",23.2,42,232
"Night Network",15.6666666666667,28,188
"Working Men's Club",24.5,38,245
"Never Will",35.3636363636364,61,389
"Clockdust",4,8,36
"The Universe Inside",8.4,13,42
"A Written Testimony",42.3,58,423
"You Make Me Feel",9.6,31,96
"The Long Goodbye",14.6,37,219
"Lianne La Havas",46.9090909090909,58,516
"For Their Love",17,32,170
"Island",11.4,17,171
"Likewise",22.7777777777778,35,205
"EVEN IN EXILE",12.2727272727273,29,135
"Midnight Manor",25.4166666666667,39,305
"Cenizas",25.2307692307692,34,328
"Head Above The Water",7.6,13,76
"Rejoice",23.75,42,190
"A Steady Drip, Drip, Drip",20.7857142857143,35,291
"Forever Blue",19.25,30,154
"JAGUAR",57.3333333333333,71,516
"Football Money",13.1,33,131
"Sun Racket",10.6,19,106
"Companion Rises",7.88888888888889,20,71
"Don't Shy Away",21.8181818181818,37,240
"Anime, Trauma and Divorce",23.25,34,279
"how i'm feeling now",49.7272727272727,56,547
"Guerrilla",3.09090909090909,8,34
"BEFORE LOVE CAME TO KILL US",47.5714285714286,61,666
"England is a Garden",9.25,17,111
"LIVE DRUGS",36.5,39,365
"Plastic Bouquet",33.1818181818182,53,365
"From King To A GOD",34.6428571428571,52,485
"On Sunset (Deluxe)",17.5333333333333,31,263
"Gaslighter",42.1666666666667,54,506
"MAP OF THE SOUL : 7",67.45,75,1349
"Unfollow The Rules",22.75,29,273
"I'm Your Empress Of",28.8333333333333,47,346
"Ghosts of West Virginia",21.5,41,215
"Reunions",38.3,52,383
"ALPHABETLAND",12.2727272727273,20,135
"nijimusi",10.5,25,84
"Ultimate Success Today",26.2,36,262
"All the Time",19.9,38,199
"Heavy Light",15.5384615384615,39,202
"SIGN",17.1818181818182,23,189
"color theory",41,59,410
"Shape & Destroy",28.4615384615385,56,370
"Straight Songs Of Sorrow",17.6,22,264
"Ungodly Hour",39.5384615384615,66,514
"Love Is The King",26.1818181818182,47,288
"Keleketla!",16.8333333333333,36,202
"UNLOCKED",48.75,55,390
"Zeros",39.4,47,394
"Shamir",7.72727272727273,20,85
"Club Future Nostalgia (DJ Mix)",42.7647058823529,51,727
"Down in the Weeds, Where the World Once Was",31.7142857142857,40,444
"Magic Oneohtrix Point Never",25.2352941176471,41,429
"Starting Over",59,77,826
"The Avalanche",11.5555555555556,17,104
"Let It All In",6.5,10,52
"SOURCE ⧺ WE MOVE",25.7777777777778,40,232
"McCartney III Imagined",37.1818181818182,62,409
"The True Story of Bananagun",11.6363636363636,30,128
"Land of No Junction",8.11111111111111,23,73
"Warnings",14.8333333333333,27,178
"Three",3.66666666666667,4,11
"Androgynous Mary",7.9,12,79
"That's How Rumors Get Started",24.6,35,246
"Old Flowers",27,49,270
"Strange to Explain",22.6363636363636,41,249
"Fake It Flowers",47.4166666666667,52,569
"On&On&On&On&On&On&On&On&On&On&On&On&On&On&On&On&On&On&On&On&On&On&On&On&On&On&On&On&On&On&On&On&On&On&On&On&On&On&On&On& On&On&On&On&On&On&On&On&On&On&On&On&On&On&On&On&On&On&On&On&On&On&On&On&On&On&On&On&On&On&On&On&On&On&On&On&On&On&On&On",1,6,9
"TO LOVE IS TO LIVE",6.27272727272727,17,69
"Banana Skin Shoes",14.5,27,203
"Revel In The Drama",5.16666666666667,11,62
"The Raging Wrath of the Easter Bunny Demo",20.9090909090909,26,230
"1000 gecs and The Tree of Clues",38.3684210526316,51,729
"The Neon Skyline",33.8181818181818,44,372
"SAVAGE MODE II",67.6666666666667,82,1015
"Song Machine, Season One: Strange Timez (Deluxe)",51.4705882352941,60,875
"Lamb of God",38,54,380
"Superstar",41.4545454545455,54,456
"Ghosts V: Together",31.375,39,251
"III",20.75,28,166
"Modus Vivendi",42.7857142857143,64,599
"The Ascension",31.0666666666667,44,466
"Traditional Techniques",12.7,22,127
"Have We Met",17.2,25,172
"Giver Taker",20.7777777777778,37,187
"The New OK",11.6666666666667,17,105
"American Head",25.3076923076923,32,329
"The Loves of Your Life",19.3636363636364,39,213
"Total Freedom",24.1,44,241
"La Vita Nuova",2.92857142857143,6,41
"Wu Hen",32,45,320
"Comma",14.6,27,146
"After Hours",74.7142857142857,91,1046
"Someone New",24.9230769230769,39,324
"A Quickening",15.4545454545455,29,170
"Sideways to New Italy",23.1,40,231
"Mind Hive",11,17,99
"X: The Godless Void and Other Stories",7.83333333333333,19,94
"Bedroom",37.4,56,374
"Collector",15.9,26,159
"High Risk Behaviour",38.5,51,539
"Red Sun Through Smoke",4.33333333333333,13,52
"Never Not Together (Deluxe Edition)",13.25,33,212
"Eight Gates",14.4444444444444,24,130
"The Unraveling",15.5555555555556,28,140
"Atlas Vending",20.5,32,205
"Twelfth",13.3333333333333,21,160
"BE",69.5,84,556
"Manic",56.375,80,902
"Oneiric Formulary",2.3,5,23
"Welcome to Bobby's Motel",12,36,132
"The Universal Want",13.9,21,139
"Nightmare Vacation",38.5,59,616
"Ghosts VI: Locusts",24.3333333333333,29,365
"Nothing is True & Everything is Possible",38.3333333333333,51,575
"Existential Reckoning",39.9166666666667,47,479
"Gigaton",36.75,46,441
"Viscerals",18,28,144
"Mordechai",52.9,64,529
"Chromatica",57.5625,76,921
"Spook The Herd",16,26,144
"Dedicated Side B",40.75,51,489
"Sorry You Couldn't Make It",21.9,46,219
"The Big Exercise",9.1,24,91
"Stray",21.5,38,215
"Self Made Man",31,43,341
"The Godfather 3",13.75,19,275
"The Allegory",23,35,460
"The Caretaker",10.1818181818182,18,112
"Just Dropped In (To See What Condition My Rendition Was In)",23.8461538461538,53,310
"Consummation",4.76923076923077,16,62
"Walking Like We Do",30.8181818181818,49,339
"Visions of Bodies Being Burned",33.0625,48,529
"Shame",11.875,22,95
"I Love The New Sky",6.33333333333333,18,76
"925",32.3846153846154,47,421
"Shadow of Fear",2.875,4,23
"Are You in Love?",17.5384615384615,34,228
"Through Water",30,50,300
"The Slow Rush",62.6666666666667,78,752
"Miss Anthropocene (Deluxe Edition)",48.4666666666667,63,727
"POWER UP",52.3333333333333,62,628
"Featuring Ty Dolla $ign",40.2,73,804
"Xoxo",16.4166666666667,31,197
"Book of Curses",0.9,3,9
"Somewhere",4.58333333333333,12,55
"Pure Luxury",11.2222222222222,32,101
"E3 AF",31.5,43,315
"I Grow Tired But Dare Not Fall Asleep",18.8,34,188
"Our Two Skins",19.25,41,231
"Healing Is A Miracle",34,41,272
"Jump Rope Gazers",34.8,45,348
"Bonny Light Horseman",38.5,59,385
"Sam Amidon",21,35,189
"Blackbirds",17.5555555555556,27,158
"Karma & Desire",28.1764705882353,59,479
"Getting Into Knives",25.3846153846154,33,330
"The Prettiest Curse",16.5,29,165
"TRIP",3,5,18
"Rakka II",5.5,18,44
"Apple vs. 7G",19.15,32,383
"I Was Born Swimming",9.41666666666667,23,113
"Cape God",43.1666666666667,61,518
"Seeking Thrills",23.7333333333333,45,356
"Honeymoon",48.8888888888889,78,440
"Hey u x",48,61,624
"S&M2",32,38,640
"Your Hero Is Not Dead",24.4166666666667,43,293
"All Or Nothing",9.7,21,97
"Italian Ice",19.8181818181818,42,218
"What's New, Tomboy?",11.3,22,113
"Swimmer",42.6666666666667,52,384
"Made of Rain",18.5833333333333,26,223
"Flower of Devotion",33.6153846153846,50,437
"Ordinary Man",44.9090909090909,52,494
"Fungus II",13.2222222222222,20,119
"Deep Down Happy",16.6666666666667,32,200
"Haunted Painting",4.90909090909091,9,54
"Hey Clockface",13.5,26,189
"Storm Damage",8.7,11,87
"The Main Thing",23.6428571428571,41,331
"Dream Nails",8.66666666666667,22,130
"ALICIA",44.4444444444444,66,800
"Daughter",9.2,17,92
"Have You Lost Your Mind yet?",22.7272727272727,37,250
"Silver Tongue",15.3333333333333,23,138
"The Waterfall II",24.7,46,247
"The Baby",42.4545454545455,54,467
"April/月音",9.1,15,91
"Love, Death & Dancing",27.9166666666667,39,335
"Hate for Sale",23.7,40,237
"Blonde On The Tracks (Deluxe Edition)",16.2727272727273,33,179
"Jacqueline",9.55555555555556,27,86
"Beat Poetry for Survivalists",0.2,1,2
"LP5",23.1818181818182,41,255
"WE ARE CHAOS",43.6,48,436
"Shadow Offering",14.3333333333333,30,129
"Cantus, Descant",12.0588235294118,27,205
"What to Look for in Summer",14.9,20,298
"K.G.",39.6,44,396
"10 Songs",29.1,38,291
"BREACH",28.5833333333333,44,343
"It Was Good Until It Wasn't",50.2,70,753
"So When You Gonna...",12.2727272727273,31,135
"Local Honey",33.25,38,266
"El Dorado",45.1666666666667,56,542
"SUGAREGG",20.1666666666667,37,242
"Making a Door Less Open",41.5454545454545,50,457
"The Don Of Diamond Dreams",15,36,150
"Serpentine Prison (Deluxe Edition)",32.1875,49,515
"Renegade Breakdown (Jessy Lanza Remix)",12,36,48
"Ultra Mono",36.75,45,441
"Startisha",10.3333333333333,21,93
"The Great Dismal",31.9,45,319
"Imploding The Mirage",49.9,60,499
"Illusion Of Time",13,30,130
"Sorry for the late reply",12.3846153846154,23,161
"Dream On",24.5,41,245
"Marigold",32.6363636363636,39,359
"Rare",59,81,767
"Find The Sun",19.7,38,197
"Harmony Avenue",3.9,10,39
"Snapshot of a Beginner",7.36363636363636,15,81
"Random Desire",12.7,19,127
"The Mosaic of Transformation",13.7777777777778,23,124
"Melanie C (Deluxe Edition)",19.25,36,385
"Be Up A Hello",21.1111111111111,35,190
"Sing In A World That's Falling Apart",21.6666666666667,36,260
"UR FUN",14.7,23,147
"The Neon",10.2,26,102
"Pyramid Remix",11.375,30,91
"GENE",19,38,266
"Beginners",34,47,340
"Legends Never Die",67.1,80,1342
"Dreamland",49.625,81,794
"Migration Stories",21.7272727272727,39,239
"Host",31.5,53,378
"Limbo",48.7142857142857,59,682
"Humanist",2.06666666666667,13,31
"Future Teenage Cave Artists",15.7272727272727,27,173
"The New Abnormal",65.3333333333333,78,588
"Hotspot",27.4,42,274
"Arrow",8.125,16,65
"ACCA",5.36363636363636,12,59
"Muzz",27.1666666666667,37,326
"Hyacinth",0.846153846153846,3,11
"Songs for the General Public",23.4166666666667,35,281
"WILL THIS MAKE ME GOOD",19,31,228
"Plastic Hearts",66,79,990
"Whole Lotta Red",67.2,82,1344
"First Rose of Spring",24.5454545454545,34,270
"THE GLOW",34.8181818181818,50,383
"Quickies",16.5,26,330
"What You Gonna Do When The Grid Goes Down?",15.2352941176471,31,259
"Far Enough",6.875,14,55
"Silver Landings",20.9,27,209
"Deleter",25.6666666666667,42,231
"Odin's Raven Magic (with Steindór Andersen, Hilmar Örn Hilmarsson and María Huld Markan Sigfúsdóttir)",31.5,35,252
"PLANET'S MAD (GLOBE'S CRAZY)",11.9,37,238
"Confetti (Expanded Edition)",40.15,70,803
"Sorceress",22.1818181818182,45,244
"KICK ii",44.6666666666667,62,536
"Everything Else Has Gone Wrong",38.4545454545455,60,423
"As Long As You Are",42.6363636363636,56,469
"If You're Dreaming",4.41666666666667,22,53
"Everyday Nothing",9.45454545454546,16,104
"Self Worth",6.08333333333333,13,73
"Myopia",39.3,49,393
"Mystic Familiar",21.7647058823529,40,370
"Sucker's Lunch",15,40,150
"Sixteen Oceans",32.25,50,516
"Brightest Blue",30.7368421052632,69,584
"The Quickening",7.1,9,71
"Got To Be Tough",12.6,22,126
"Goons Be Gone",8.81818181818182,21,97
"Making a New World",2.36842105263158,11,45
"There Is No Year",12.8181818181818,22,141
"None Of Us Are Getting Out Of This Life Alive",30.3333333333333,55,364
"Sundowner",32.6,46,326
"Keith Harkin - Track By Track",6.6,18,132
"Knuckleball Express",0.2,1,2
"Man Alive!",38.3571428571429,46,537
"You Know I'm Not Going Anywhere",24.4545454545455,40,269
"West of Eden",19.3333333333333,37,290
"Fall to Pieces",24,32,264
"Disco Volador",16.3,31,163
"Dear Life",12.6363636363636,19,139
"HiRUDiN",18.8181818181818,29,207
"Free Love",38.2,50,382
"High Road",37.6875,50,603
"Wake UP!",16.7,28,167
"Abolition of the Royal Familia",12.8333333333333,33,154
"New Me, Same Us",40.75,61,489
"Birthmarks",14.375,31,115
"MTV Unplugged (Live At Hull City Hall)",37.2,43,372
"Gentle Grip",9.75,26,117
"Under the Spell of Joy",17.0909090909091,35,188
"I Feel Alive",31.9090909090909,45,351
"Mixing Colours",29.9444444444444,49,539
"DISCO (Deluxe)",43.75,57,700
"ENERGY (Deluxe)",36,61,720
"Colores",62.6,72,626
"I Disagree",45.4,57,454
"Protean Threat",30.3846153846154,43,395
"King's Disease III",62.0588235294118,68,1055
"Sun Piano",8.33333333333333,28,100
"Tickets To My Downfall",62.4,78,936
"Aporia",18,34,360
"All That Emotion",7.63636363636364,22,84
"WOMB",36.2,45,362
"Positions",68.2142857142857,84,955
"Shiver",16.5454545454545,24,182
"Earth to Dora",21.5,30,258
"Detroit 2",45.2,76,904
"Such Pretty Forks in the Road",32.3636363636364,44,356
"Generations",12.9,37,129
"THE ALBUM",69.25,77,554
"Man On The Moon II: The Legend Of Mr. Rager",54.5294117647059,76,927
"Species (solo piano)",24.5,36,49
"Do You Wonder About Me?",15.5,25,155
"Concrete and Glass",23.9,37,239
"Names of North End Women",1,2,8
"Uneasy Laughter",14.8461538461538,31,193
"Built to Spill Plays the Songs of Daniel Johnston",20.4545454545455,27,225
"Thin Mind",17.9,29,179
"Chunky Shrapnel",21.4375,24,343
"Antarctica",8.18181818181818,18,90
"Deap Lips",13,19,130
"Earth",23.4444444444444,34,211
"Shoot For The Stars Aim For The Moon",64.7368421052632,81,1230
"When We Stay Alive",26.2,39,262
"Think Of Spring",17.9090909090909,29,197
"Candid",35.1,49,351
"Tearless",18.2,32,182
"High Off Life",54.15,73,1083
"Freeze, Melt",24.625,31,197
"Notes On A Conditional Form",52.05,66,1041
"Ricky Music",23.5454545454545,42,259
"ACR Loco",3,13,30
"Tea For The Tillerman (Remastered 2020)",52.6363636363636,77,579
"Starz",43.4375,56,695
"Born Again",10.6,16,106
"And It’s Still Alright",41.8,64,418
"Supervision",29.125,41,233
"No Fun Mondays",36.4285714285714,46,510
"Father of All...",43.8,53,438
"Dark Hearts",21.6153846153846,44,281
"Heartbreaker Please",10.8,22,108
"weird!",53.2142857142857,70,745
"Always Tomorrow",20,35,220
"Angelheaded Hipster: The Songs of Marc Bolan & T. Rex",8.2,29,164
"R.Y.C",34.8181818181818,47,383
"Wonder",57.6428571428571,71,807
"Music To Be Murdered By - Side B (Deluxe Edition)",50.25,71,1005
"Love Goes",56.0588235294118,78,953
"Music To Be Murdered By",56.55,83,1131
"The Third Gleam",37.125,55,297
"A Portrait Of An Ugly Man",23.9,32,239
"Purple Noon",38.1,52,381
"The Mother Stone",12.3333333333333,35,185
"Heartbreak Weather",58.7857142857143,72,823
"Lovers Rock",10.4,19,104
"All Visible Objects",12.0909090909091,24,133
"Funeral",42.15,55,843
"BLAME IT ON BABY",52.3846153846154,79,681
"I Am Not a Dog on a Chain",32.8181818181818,40,361
"CYR",30.4,46,608
"American Standard",31.0714285714286,48,435
"Bigger Love",43.4375,65,695
"The Deadbeat Bang Of Heartbreak City",7.81818181818182,23,86
"Smile",53.8333333333333,77,646
"Changes",59.5882352941176,76,1013
"Diplo Presents Thomas Wesley Chapter 1: Snake Oil",40.0833333333333,77,481
"Conflict Of Interest",35.875,54,574
"Prioritise Pleasure",40.7692307692308,52,530
"GLOW ON",56.6666666666667,64,850
"We're All Alone In This Together",63.75,71,765
"CARNAGE",39.5,43,316
"Red (Taylor's Version)",68.95,76,1379
"The Myth of The Happily Ever After",39.5454545454545,51,435
"Blue Weekend",42,48,462
"Bloodmoon: I",29,36,319
"For Those I Love",23.2222222222222,31,209
"Ignorance",28.9,40,289
"Pink Noise",28.6,41,286
"Bright Green Field",33.7272727272727,43,371
"They're Calling Me Home (with Francesco Turrisi)",23.5833333333333,36,283
"Valentine",43.6,52,436
"30",71.5833333333333,83,859
"Long Lost",39.8125,62,637
"Sometimes I Might Be Introvert",48.5789473684211,61,923
"CALL ME IF YOU GET LOST",65.4375,76,1047
"Jubilee",53,65,530
"Nine",22.625,43,362
"In These Silent Days",48,63,480
"Flock",19.7,35,197
"Angel Tears in Sunlight",16,25,144
"Henki",24.2857142857143,28,170
"Forfolks",25,33,200
"An Overview on Phenomenal Nature",30.4285714285714,40,213
"Let Me Do One More",28.8333333333333,41,346
"Death of a Cheerleader",31.8571428571429,41,446
"Fatigue",15.0714285714286,37,211
"Afrique Victime",31.6666666666667,41,285
"Shade",32.4444444444444,43,292
"King's Disease III",62.0588235294118,68,1055
"DEACON",28.4545454545455,44,313
"Promises",36.1111111111111,49,325
"Sound Ancestors",31.0625,51,497
"Reflection",12.1818181818182,19,134
"Far In",32.2,43,483
"Smiling with No Teeth",31.3333333333333,43,470
"New Long Leg",36.8,49,368
"Happier Than Ever",72.875,87,1166
"Space 1.8",37.75,46,302
"Daddy's Home",33.7142857142857,43,472
"Geist",21.9,37,219
"Comfort To Me",35.4615384615385,46,461
"Fire",17.7857142857143,30,249
"Juno",49.0769230769231,65,638
"Pray For Haiti",38.5,59,616
"Seeking New Gods",15.4444444444444,31,139
"Clara",22.4,35,224
"Coral Island",17.4,35,348
"Home Video",47.4545454545455,56,522
"The Moon And Stars: Prescriptions For Dreamers",26.9285714285714,45,377
"MONTERO",62.5333333333333,85,938
"I Don’t Live Here Anymore",47.8,61,478
"Still Over It",59.05,77,1181
"And Then Life Was Beautiful",36,60,468
"The Path of the Clouds",12.6363636363636,26,139
"Yellow",21.7857142857143,43,305
"Treasure of Love",8.66666666666667,18,130
"Little Oblivions",37.4166666666667,46,449
"As Days Get Dark",13.4545454545455,27,148
"From Dreams to Dust",25.4166666666667,44,305
"Cool Dry Place",36.8888888888889,55,332
"Course In Fable",11.5714285714286,18,81
"The Art of Losing",9.07142857142857,15,127
"Fever Dreams",26.9166666666667,35,323
"Rare, Forever",26.25,41,315
"BLACK METAL 2",35.9,44,359
"Mood Valiant",44.4166666666667,60,533
"Black To The Future",28.7272727272727,48,316
"HEY WHAT",38.3,44,383
"For Free",24.2,31,242
"Vince Staples",49.4,64,494
"The Apple Drop",11.1818181818182,22,123
"ULTRAPOP",26.1666666666667,37,314
"Sling",54.25,72,651
"Any Shape You Take",41.2,49,412
"Flora Fauna",26.5,41,265
"Senjutsu",36.8,45,368
"Seventeen Going Under (Deluxe)",51.3125,72,821
"Projector",25.2222222222222,39,227
"SINNER GET READY",34.5555555555556,39,311
"I've Been Trying To Tell You",21.5,32,172
"A Color of the Sky",19.8,34,198
"An Evening With Silk Sonic",66.7,83,667
"Black Encyclopedia of the Air",12.25,22,147
"SOUR",82.5454545454545,87,908
"As The Love Continues",24.2727272727273,34,267
"Flying Dream 1",32.9,40,329
"Surrounded By Time",11.6666666666667,30,140
"For the first time",45.6666666666667,49,274
"Seek Shelter",17.1111111111111,27,154
"Spare Ribs",30.3076923076923,45,394
"Collapsed In Sunbeams",49.4166666666667,60,593
"G_d's Pee AT STATE'S END!",34.125,41,273
"CRAWLER",38,49,532
"The House Is Burning",54.5,67,872
"Blood Bunny",46.3846153846154,61,603
"Superwolves",13.3571428571429,22,187
"Stand For Myself",36.75,52,441
"Fearless (Taylor's Version)",66.3,81,1326
"Animal",25.9,36,259
"a softer focus",16.6666666666667,26,100
"Love Will Be Reborn",9.36363636363636,26,103
"Antiphonals",19.25,35,154
"Hushed and Grim",42.2666666666667,52,634
"A Few Stars Apart",27.1818181818182,39,299
"Raise The Roof",35.6666666666667,49,428
"sketchy.",21.8181818181818,40,240
"Infinite Granite",36.8888888888889,44,332
"The Monster Who Hated Pennsylvania",20.9,35,209
"L.W.",40.4444444444444,47,364
"I Know I'm Funny haha",49.4545454545455,66,544
"Doomin' Sun",16.9,27,169
"J.T.",22.6363636363636,41,249
"Drunk Tank Pink (Deluxe Edition)",26.85,41,537
"Lost Futures",22.375,33,179
"Engine of Hell",28,33,224
"Valdez",4.5,9,27
"By the Time I Get to Phoenix",37.4545454545455,45,412
"Great Spans of Muddy Time",11.4615384615385,32,149
"The Million Masks Of God",41.8181818181818,53,460
"Other You",14.8181818181818,30,163
"Turn Up That Dial (Expanded Version)",29.7142857142857,40,416
"Not Your Muse (Deluxe)",39.95,73,799
"Heaux Tales",43.9285714285714,62,615
"Consequences",18.9,27,189
"CHRISTFUCKER",20.6,29,206
"Chemtrails Over The Country Club",60,71,660
"Boy from Michigan",7.58333333333333,15,91
"private LIFE",8.16666666666667,29,98
"Life, and Another",15.2857142857143,36,214
"Screen Violence",43,49,430
"She Walks in Beauty (with Warren Ellis)",12.1818181818182,22,134
"Epic Ten",21.2857142857143,28,298
"Der Lange Marsch",14.4545454545455,17,159
"The Horses and the Hounds",31.2,46,312
"Butterfly 3000",44.1,54,441
"Fat Pop",22.9166666666667,35,275
"Cavalcade",39.75,45,318
"-io",17.3,28,173
"Ocean to Ocean",29.6363636363636,38,326
"Penelope Three",8.2,24,82
"Una Rosa",14.3571428571429,18,201
"Loving In Stereo",49.6428571428571,65,695
"Gold-Diggers Sound",47.3636363636364,58,521
"A Common Turn",18.1,28,181
"Thirstier",20.8,38,208
"On All Fours",24.6923076923077,42,321
"Colourgrade",27.2,40,272
"Flux",39.8888888888889,51,359
"How Many Times",12.7,28,127
"Native Sons",22.5,34,315
"I Thought of You",10.4615384615385,27,136
"WINK",27.0833333333333,43,325
"Fortitude",49.0909090909091,59,540
"For Those That Wish To Exist",50.0666666666667,67,751
"Invisible Cities",24.7692307692308,32,322
"Build A Problem",43.2,58,864
"A Beginner's Mind",42.1428571428571,52,590
"The Nearer The Fountain, More Pure The Stream Flows",31.0909090909091,44,342
"Good Woman",32.5,53,390
"Utopian Ashes",6.11111111111111,16,55
"Medieval Femme",15.2,26,152
"Green to Gold",19.4,25,194
"Dark in Here",28.1666666666667,36,338
"The Besnard Lakes Are The Last Of The Great Thunderstom Warnings",6.55555555555556,17,59
"Nature Always Wins",22.8333333333333,35,274
"Lifeforms",38,42,380
"Private Space",45.8,60,458
"The Last Exit",32.7272727272727,50,360
"Sweep It Into Space",27.1666666666667,38,326
"If I Can’t Have Love, I Want Power",54.5384615384615,60,709
"Quietly Blowing It",31.7272727272727,56,349
"K Bay",11.9166666666667,31,143
"Water",3.22222222222222,8,29
"Second Line",18.8125,37,301
"SHYGA! The Sunlight Mound",27.4285714285714,37,384
"Blue Banisters",61.6666666666667,75,925
"Fun House",27.1666666666667,42,326
"Talk Memory",40.875,51,327
"Mythopoetics",17.0833333333333,29,205
"I've Seen All I Need To See",12.5,18,100
"Draw Down The Moon",32.4,43,324
"Yol",17.25,28,207
"Georgia Blue",26.7692307692308,33,348
"ROADRUNNER: NEW LIGHT, NEW MACHINE",47.2307692307692,57,614
"lately I feel EVERYTHING",46.7272727272727,65,514
"Pressure Machine",41.6363636363636,50,458
"The Plugs I Met 2",37.8888888888889,45,341
"Change",14.3333333333333,27,129
"Cooler Returns",16.3846153846154,28,213
"Working with God",9.92307692307692,30,129
"The Ultra Vivid Lament",5.5,13,110
"Friends That Break Your Heart",46.75,64,561
"Music For Psychedelic Therapy",42.6666666666667,48,384
"Deep States",18.5,22,185
"Head of Roses",25.3,39,253
"The Turning Wheel",34.1666666666667,44,410
"The Future",44.7272727272727,57,492
"Broken Hearts & Beauty Sleep",20.2222222222222,36,182
"Spiral",34.1111111111111,47,307
"Lindsey Buckingham Christine McVie",29.6,38,296
"Showtunes",4.375,9,35
"Super Monster",33.0769230769231,54,430
"Endless Arcade",7.5,19,90
"Things Take Time, Take Time",36.7,48,367
"Island of Noise",17.9,28,179
"I’ll Be Your Mirror: A Tribute to The Velvet Underground & Nico",15.6666666666667,22,188
"Glowing in the Dark",23.3076923076923,39,303
"FLOWERS for VASES / descansos",42.3571428571429,50,593
"These 13",22.9230769230769,36,298
"Deciphering The Message",27.4615384615385,42,357
"Gas Lit",11.25,19,90
"Sympathy for Life",30.7272727272727,42,338
"TYRON",49.6428571428571,63,695
"Cool",15.3,33,153
"KicK iii",40.0833333333333,50,481
"Path of Wellness",19.1818181818182,36,211
"World's Most Stressed Out Gardener",14.3076923076923,32,186
"Welfare Jazz",36.7692307692308,49,478
"star-crossed",50.7333333333333,62,761
"Leaving None But Small Birds",14.4285714285714,20,101
"Reason to Live",7.05882352941176,17,120
"The Bitter Truth",42.5,48,510
"Open Door Policy",23.0909090909091,29,254
"Sensational",31.3846153846154,37,408
"Planet (i)",12.75,28,153
"Magic Mirror",20.3,38,203
"Magic",49.3333333333333,61,444
"Nurture",50.1428571428571,58,702
"The Golden Casket",35.4166666666667,45,425
"Mercurial World",46.2857142857143,55,648
"Lately",13.9,30,139
"Tasjan! Tasjan! Tasjan!",21.8181818181818,40,240
"Welcome Break",24.2727272727273,34,267
"The Melodic Blue",62.625,80,1002
"TEMPORARY HIGHS IN THE VIOLET SKIES",48.1333333333333,60,722
"Isles",45.1,63,451
"Ancient Dreams In A Modern Land",54.7,69,547
"Broken Mirror: A Selfie Reflection",4.2,7,21
"Lily We Need to Talk Now",14.1818181818182,34,156
"Californian Soil",43.5833333333333,51,523
"kiCK iiiii",34.3333333333333,40,412
"kick iiii",31.8181818181818,40,350
"No Gods No Masters",26.578947368421,38,505
"Queens of the Summer Hotel",22,29,330
"Show Me How You Disappear",11.2,32,112
"Two Saviors",26.0909090909091,40,287
"Scatterbrain",9.7,16,97
"if i could make it go quiet",62.1818181818182,73,684
"Year Of The Spider",28.6923076923077,40,373
"The Nightmare Of Being",25.9,34,259
"Cheater",23.4,40,234
"Always Inside Your Head",20.6,33,206
"Standing in the Doorway: Chrissie Hynde Sings Bob Dylan",20,23,180
"The Shadow I Remember",16.1818181818182,24,178
"Flat White Moon",8,27,96
"Tonic Immobility",13.6666666666667,20,164
"Intruder",26.2307692307692,33,341
"Typhoons",51.9090909090909,62,571
"Palberta5000",4.875,10,78
"Moondust For My Diamond",14.25,30,171
"The Tunnel and the Clearing",19.7142857142857,35,138
"Mutator",7.875,15,63
"KIDS (Bonus Edition)",27.4285714285714,45,384
"Planet Her",72.7857142857143,87,1019
"How Long Do You Think It's Gonna Last?",43,71,645
"KICK ii",44.6666666666667,62,536
"God is Partying",21.8333333333333,35,262
"Dreamers Are Waiting",14.4166666666667,20,173
"The Ballad of Dood & Juanita",45.5,64,455
"Welcome 2 America",26.75,41,321
"Back In Love City",34.3076923076923,48,446
"MAN MADE",36.4444444444444,51,656
"Soberish",15,20,195
"Still Woman Enough",28.6923076923077,40,373
"Peace Or Love",47,59,517
"Downhill From Everywhere",28.6,35,286
"Changephobia",25.6363636363636,39,282
"Homecoming",19.4,35,194
"The Off-Season",66.75,78,801
"True Love",29.0833333333333,46,349
"Local Valley",36.4615384615385,49,474
"Before I Die",25.4705882352941,41,433
"My Morning Jacket",28.3636363636364,41,312
"The Pet Parade",23.9090909090909,46,263
"Vertigo Days",22,27,308
"The Million Things That Never Happened",18.75,26,225
"OH NO",11.6,30,174
"I Won't Care How You Remember Me",30.9090909090909,38,340
"Actually, You Can",19.2222222222222,26,173
"OK Human",35.25,51,423
"Mirror II",11.7,36,117
"In Ferneaux",8,10,16
"There Is No End",15.6428571428571,29,219
"Lost Themes III: Alive After Death",20.6,30,206
"The Mutt's Nuts",10.5333333333333,22,158
"Delta Kream",41.4166666666667,49,497
"Woman on the Internet",41.5454545454545,52,457
"Back of My Mind",46.3,67,926
"All The Colours Of You",28.0909090909091,41,309
"Culture III",55.5789473684211,66,1056
"Crazy Horse a Tribute To Neil Young",7.83333333333333,15,94
"one hand on the steering wheel the other sewing a garden",24.3636363636364,45,268
"Medicine At Midnight",50.4444444444444,58,454
"THE FUTURE BITES (Deluxe Edition)",12.05,17,241
"Into the Blue (Deluxe)",16.3846153846154,27,213
"McCartney III Imagined",37.1818181818182,62,409
"Different Kinds of Light",25.6666666666667,48,385
"Echo",22.2222222222222,40,200
"Home",39.6923076923077,55,516
"Never The Right Time",23,29,207
"Body/Dilloway/Head",1.66666666666667,2,5
"Nowhere Generation",45.8181818181818,51,504
"Believer (Bonus Edition)",15.1176470588235,37,257
"Texis",27.6363636363636,39,304
"Somewhere",24.8181818181818,51,273
"Today We’re The Greatest",21.8333333333333,36,262
"Dancing With The Devil…The Art of Starting Over",39.7894736842105,60,756
"Greenfields: The Gibb Brothers' Songbook (Vol. 1)",42.0833333333333,51,505
"Fighting Demons (Deluxe)",66.15,78,1323
"9",32.4444444444444,46,292
"A Billion Little Lights",24.7,44,247
"New Fragility",20.7,35,207
"Which Way to Happy",14.9090909090909,31,164
"Optimist",52.1538461538462,64,678
"Voyage",55.4,67,554
"Detroit Stories",13.8,24,207
"Poster Girl",44.5833333333333,64,535
"Exit Wounds",32.1,47,321
"Get Up Sequences Part One",15.6,29,156
"Exodus",31.9230769230769,44,415
"Is 4 Lovers",29.2,41,292
"Old Friends New Friends",36.1,61,722
"Take the Sadness Out of Saturday Night",46.8,55,468
"Snoop Dogg Presents Algorithm",27.8,41,556
"A Beautiful Revolution (Pt 1)",26.3333333333333,49,237
"This Is Really Going To Hurt",37.3,50,373
"Love For Sale (Deluxe)",42.9166666666667,53,515
"You Hear Georgia",34.3,42,343
"The Lockdown Sessions",31.8125,71,509
"Sob Rock",64,76,640
"Scaled And Icy",63,71,693
"Rosegold",12.4,26,124
"Collections From The Whiteout",38.3125,51,613
"The Waves Pt. 1",9.69230769230769,42,126
"Dead Hand Control",12.25,25,98
"It Won't Always Be Like This",48.4545454545455,58,533
"Uppers",18,33,216
"When You See Yourself",49.2727272727273,55,542
"Solar Power",55.3333333333333,67,664
"Hideaway",25.6666666666667,40,231
"LIVE LIFE FAST",52.5555555555556,71,946
"Van Weezer",36.5,43,365
"Bodies",34.4545454545455,38,379
"In Another World",15.5384615384615,28,202
"Imposter",30.5,40,366
"Richer Than I Ever Been",40.1666666666667,46,482
"Pedestrian",3,17,30
"The Metallica Blacklist",21.75,33,435
"KEYS",33.4,44,668
"Protest Songs 1924 – 2012",19.2857142857143,28,270
"The Battle at Garden’s Gate",57.4166666666667,66,689
"Nobody Is Listening",56.5454545454545,65,622
"Who Am I?",38.2727272727273,51,421
"Life By Misadventure",42.5333333333333,67,638
"Justice",69.875,87,1118
"Big Mess",19.1666666666667,26,345
"Certified Lover Boy",72.25,84,1445
"Thank You",23.5384615384615,50,306
"Piano Renditions of Ed Sheeran - Equals",0.642857142857143,7,9
"KHALED KHALED",54.7857142857143,78,767
"Let The Bad Times Roll (Deluxe Edition)",47.2142857142857,63,661
"Music Of The Spheres",61.25,81,735
"Faith",53.75,71,1075
"Donda",62.3,78,1246
"Latest Record Project Volume I",25,39,500
"JORDI (Deluxe)",63.1428571428571,85,884
"MOTOMAMI",66.3125,80,1061
"S.O.S.: Save Our Soul",26.1818181818182,52,288
"Supernova",37.1818181818182,46,409
"Ants From Up There",52.9,59,529
"RENAISSANCE",74.875,93,1198
"I Love You Jennifer B",45.5,51,455
"Florist",33.6842105263158,48,640
"Heart Under",25.1,31,251
"Natural Brown Prom Queen",43.6111111111111,57,785
"Feeding the Machine",20.5,24,123
"Riderless Horse",19.4285714285714,34,272
"King's Disease III",62.0588235294118,68,1055
"And In The Darkness, Hearts Aglow",53,62,530
"Big Time",46.1,55,461
"Dawn FM",71.5,84,1144
"Dragon New Warm Mountain I Believe In You",50.6,64,1012
"Colder Streams",25,31,275
"Blind Date Party",21.4736842105263,32,408
"In These Times",33.5454545454545,42,369
"This Is A Photograph",37.0833333333333,50,445
"for you who are the wronged",9.36363636363636,18,103
"Electricity",29.1666666666667,41,350
"Wet Leg",58.25,71,699
"hugo",58.8,64,588
"LIFE ON EARTH",32.1818181818182,45,354
"Live At The El Mocambo",28.2,32,564
"God Save The Animals",51.7692307692308,59,673
"Diaspora Problems",34.5833333333333,44,415
"A Light for Attracting Attention",53.7692307692308,60,699
"Blue Rev",47,52,658
"SICK!",48.9,56,489
"Lucifer On The Sofa",46.4,61,464
"Weather Alive",32.75,38,262
"Mr. Morale & The Big Steppers",71.3157894736842,82,1355
"The Overload",41.9090909090909,50,461
"Un Verano Sin Ti",87.35,96,1747
"Midnights (3am Edition)",84.85,87,1697
"Pompeii",33.4444444444444,47,301
"Heartmind",30.625,37,245
"Ultra Truth",28,38,420
"Autofiction",26.3636363636364,33,290
"Melt My Eyez See Your Future",57.4285714285714,70,804
"If My Wife New I'd Be Dead (Deluxe)",36.625,53,586
"Skinty Fia",41.7,53,417
"Classic Objects",29.75,38,238
"The Spur",56,56,56
"Stumpwork",45,50,495
"i don’t know who needs to hear this...",32.3636363636364,41,356
"Bob Vylan Presents The Price Of Life",30.3333333333333,43,455
"Topical Dancer",38.0769230769231,50,495
"Glitch Princess",34.9230769230769,45,454
"Fossora",37.7692307692308,44,491
"Lucky Me",20.8461538461538,31,271
"Dance Fever",59.5,68,833
"Is It Going To Get Any Deeper Than This?",27.4,33,274
"Nymph",51.0833333333333,59,613
"White Jesus Black Problems",28.6923076923077,44,373
"IMPERA",60.5833333333333,70,727
"How Is It That I Should Look At The Stars",21.4,28,214
"Midnight Rocker",25.1,33,251
"Once Twice Melody",45.4444444444444,57,818
"Blue Skies",36.8461538461538,53,479
"Tresor",28.4,38,284
"You Belong There",32.5,43,325
"The Line Is A Curve",41,47,492
"Sometimes, Forever",43.0909090909091,54,474
"Limbs",20.375,31,163
"Anaïs Mitchell",31.1,58,311
"PRE PLEASURE",35.3,42,353
"Frank",19.7058823529412,29,335
"Two Sisters",19.7777777777778,25,178
"Hold The Girl",57.6153846153846,65,749
"Alpha Zulu",57.1,66,571
"Endure",35.5454545454545,44,391
"Where I'm Meant To Be",28.5,39,399
"Les Racines",23,38,230
"The Tipping Point",42.7,49,427
"Everything Was Beautiful",24.8571428571429,32,174
"The Bible",18.8,23,188
"THE UNRAVELING OF PUPTHEBAND",31.6666666666667,45,380
"Cruel Country",36,44,720
"Harry's House",82.6923076923077,92,1075
"El Mirador",21,34,252
"Carry Me Home",23.25,36,279
"Comradely Objects",29.5714285714286,34,207
"Palomino",48.4,69,726
"Whatever The Weather",24.0909090909091,29,265
"Take It Like A Man",27.5454545454545,33,303
"It's Almost Dry",58.3333333333333,69,700
"PAINLESS",34.8333333333333,46,418
"Past Life Regression",8.6,12,86
"blue water road",53.6153846153846,64,697
"Laurel Hell",59.2727272727273,66,652
"Expert In A Dying Field",40.75,49,489
"The Boy Named If (Alive At Memphis Magnetic)",20.3,34,406
"Farm to Table",34.5,43,345
"Few Good Things",47.5,69,665
"Two Ribbons",34.9,46,349
"Cheat Codes",53.1666666666667,62,638
"Sonancy",13.4,19,134
"Profound Mysteries III",44.4,49,444
"Reset",38,45,342
"The Theory Of Whatever",41.6923076923077,56,542
"RAMONA PARK BROKE MY HEART",51.5625,65,825
"Viva Las Vengeance",53.9166666666667,64,647
"Warm Chris",38.8,47,388
"<COPINGMECHANISM>",55.4545454545455,61,610
"Back Home",21.0769230769231,31,274
"Arkhon",26,39,260
"Broken Hearts Club",39.6923076923077,57,516
"Premonition",32.7,40,327
"Chloë and the Next 20th Century",40.1818181818182,57,442
"LABYRINTHITIS",30.2,37,302
"The Car",70.9,74,709
"Versions of Modern Performance",33.4166666666667,46,401
"Cool It Down",55.25,65,442
"Gifted",48.3,56,483
"Fever Dreams Pts 1 - 4",24.4375,38,391
"Reason in Decline",29.8,34,298
"MUNA",53.5454545454545,67,589
"See You in the Stars",26.1538461538462,33,340
"Preacher’s Daughter",53.4615384615385,64,695
"Shufflemania",21.4,28,214
"Anywhere But Here",37.5384615384615,45,488
"Asphalt Meadows",49.1818181818182,62,541
"Cherry",40,55,560
"Cave World",43.4166666666667,56,521
"Hyper-Dimensional Expansion Beam",37.2727272727273,44,410
"Fear Fear",29.3,37,293
"Sound of the Morning",29.7272727272727,39,327
"Being Funny In A Foreign Language",72.3636363636364,84,796
"Denim & Diamonds",36.2,47,362
"God Don't Make Mistakes",41.25,51,495
"Heavy Pendulum",28.9285714285714,38,405
"Music for Four Guitars",17.0714285714286,28,239
"Waterslide, Diving Board, Ladder To The Sky",36.3846153846154,46,473
"Loose Future",35.2,41,352
"When The Wind Forgets Your Name",38.1111111111111,45,343
"I Walked With You A Ways",46.9,54,469
"Reason to Smile",33.9333333333333,42,509
"Regards/Ukłony dla Bogusław Schaeffer",10.125,15,81
"The Ruby Cord",36.7142857142857,41,257
"Bronco",47.5333333333333,56,713
"Zeit",67.3636363636364,74,741
"See Through You",19.7692307692308,27,257
"Misadventures Of Doomscroller",32.8571428571429,42,230
"Visitor",15.4545454545455,26,170
"I Want You",46.5,54,93
"The Gods We Can Touch",50.4666666666667,72,757
"My Boy",34.2727272727273,50,377
"ILYSM",31.5833333333333,38,379
"Gemini Rights",70.8,88,708
"Surrender",54.8333333333333,64,658
"Capri Song",8,8,8
"The Mars Volta",45.1428571428571,51,632
"Palomino",54.9090909090909,60,604
"Living Sky",19.5714285714286,27,137
"Wild Loneliness",20.1,29,201
"Rolling Golden Holy",40.1,46,401
"""Hello, Hi""",32.9,40,329
"Hideous Bastard",41.8,49,418
"Running with the Hurricane",25.2,35,252
"We've Been Going About This All Wrong",38.7,55,387
"Growing Up",33.5,44,335
"A Legacy of Rentals",26,34,260
"The Work",35.8181818181818,43,394
"Ali",54,60,432
"GET ON BOARD",26.9090909090909,39,296
"Traumazine",61,73,1098
"The End, So Far",62,70,744
"Love, Damini",61.8947368421053,82,1176
"How Do You Burn?",33.7,39,337
"All Of Us Flames",23.9166666666667,34,287
"FOREVERANDEVERNOMORE",39.7,44,397
"Tableau",26.125,34,418
"Quiet the Room",34.7142857142857,43,486
"Found Light",11.0714285714286,21,155
"Squeeze",31.1818181818182,42,343
"Ugly Season",35.3,48,353
"Hellfire",43.3,53,433
"The Family",59.4705882352941,65,1011
"As Above, So Below",38.8181818181818,52,427
"This Is What I Mean",65.0833333333333,73,781
"Everything Was Forever",20.7,36,207
"The Dream",44.25,56,531
"CRASH",59,67,708
"Heterosexuality",18.1,27,181
"B FLAT A",9.09090909090909,15,100
"Flood",32.4545454545455,42,357
"Cry Sugar",30.9473684210526,40,588
"Radiate Like This",40.1,46,401
"And I Have Been",39.5,46,474
"Covers",33.5833333333333,43,403
"A Foul Form",39.6,47,396
"The Loneliest Time",60.625,68,970
"Earthling",38.7692307692308,49,504
"Let's Turn It Into Sound",21.5,28,215
"Formentera",45,55,405
"Ivory",59.25,87,948
"Entering Heaven Alive",43.4545454545455,52,478
"(watch my moves)",38.2666666666667,49,574
"Spirituals",40.1,48,401
"Raum",27.4285714285714,31,192
"People Helping People",19.0769230769231,24,248
"Things Are Great",39.6,48,396
"TILT",35.5833333333333,50,427
"CAZIMI",24.5833333333333,42,295
"Building Something Beautiful For Me",23.5,30,188
"Welcome 2 Club XIII",24.7777777777778,34,223
"$oul $old $eparately",56.6666666666667,60,850
"MAHAL",43.3846153846154,52,564
"Special",63.9166666666667,82,767
"HOLY FVCK",58.3125,72,933
"A Bit of Previous",33.5833333333333,39,403
"Never Let Me Go",27.4615384615385,36,357
"Beatopia",59.3571428571429,77,831
"Endless Rooms",28.9166666666667,39,347
"Typical Music",16.55,27,331
"Hold On Baby",46.4166666666667,55,557
"Happiness Not Included",20,37,240
"For The Sake of Bethel Woods",14.9090909090909,26,164
"Crazy Horse a Tribute To Neil Young",7.83333333333333,15,94
"From Capelton Hill",26.3333333333333,35,316
"the classic symptoms of a broken spirit",57.5454545454545,62,633
"En Är För Mycket och Tusen Aldrig Nog",17.6666666666667,23,159
"Emotional Eternal",31.8888888888889,40,287
"Forever",18.7692307692308,31,244
"Most Normal",35.8333333333333,42,430
"Here Is Everything",37,44,407
"In Amber",21.5,36,258
"Requiem",50.1111111111111,58,451
"Dirt Femme",57,67,684
"Black Girl Magic",41.7333333333333,59,626
"LP.8",24.1111111111111,33,217
"How To Let Go",45.6666666666667,55,548
"Freakout/Release",39.0909090909091,48,430
"GHETTO GODS",40.5294117647059,58,689
"Time Skiffs",33.8888888888889,41,305
"Chopper",26.3,41,263
"Household Name",27.9166666666667,39,335
"Get Fucked",41.6923076923077,52,542
"caroline",28.9,38,289
"angel in realtime.",38.3076923076923,49,498
"Headful of Sugar",24.8333333333333,43,298
"PREY//IV",29.8461538461538,44,388
"EYEYE",40.125,49,321
"XI: BLEED HERE NOW",14.3,20,286
"Just Like That...",33.5,49,335
"Ocean Child: Songs of Yoko Ono",10.2857142857143,16,144
"You Still Here, Ho ?",39,66,663
"Three Dimensions Deep",43,55,731
"Familia",47.75,81,573
"Home, before and after",36.9,43,369
"Back in Black",29.2,33,292
"Inside Problems",39.5454545454545,53,435
"Patient Number 9",51.4615384615385,61,669
"The Runner (Original Soundtrack)",36.375,47,291
"No Rules Sandy",25.5,46,408
"Raw Data Feel",40.5,50,567
"Good Morning Gorgeous (Deluxe)",31.421052631579,43,597
"Nothing Special",25.25,30,202
"Present Tense",24,35,240
"INTO THE BLUE",47.6666666666667,54,429
"Fear Of The Dawn",43.1666666666667,51,518
"i used to think i could fly",59.6923076923077,76,776
"All Souls Hill (Deluxe)",20.6875,31,331
"Crybaby",43.4166666666667,48,521
"The Alchemist's Euphoria",42,50,504
"DRILL MUSIC IN ZION",43.9,51,439
"Only the Strong Survive",56.8,61,852
"Songs of the Recollection",23.4444444444444,32,211
"2000",55.6428571428571,70,779
"90 In November",25,40,250
"C’MON YOU KNOW (Deluxe Edition)",44.4285714285714,58,622
"Out of Heart",22,35,264
"Second Nature",37.3,49,373
"Fragments",53.5833333333333,61,643
"In/Out/In",22.4,31,112
"Bleed Out",39.75,50,477
"Love Sux",54.3333333333333,69,652
"Redcar les adorables étoiles (prologue)",45,52,585
"MK 3.5: Die Cuts | City Planning",38.65,49,773
"Life Is Yours",49.4545454545455,61,544
"Let the Festivities Begin!",34.7272727272727,45,382
"Archive Material",8.33333333333333,18,100
"Leave The Light On",23.7,36,237
"WE",54.1,59,541
"11:11",38.9090909090909,49,428
"Doggerel",44,52,528
"Dropout Boogie",51.5,68,515
"Honestly, Nevermind",68.7857142857143,90,963
"Giving The World Away",32.6666666666667,44,392
"Broken Equipment",15.8333333333333,30,190
"Oxy Music",35.1111111111111,41,316
"Madness",22.4285714285714,35,157
"Steady",23.4166666666667,28,281
"Give Me The Future + Dreams Of The Past",40.1,48,802
"About Last Night...",38.3333333333333,57,575
"Fix Yourself, Not the World",41.75,59,501
"Arrangements",30.1428571428571,35,211
"Forgiveness",23.25,36,279
"The Other Side Of Make-Believe",43.9090909090909,52,483
"Time Bend and Break The Bower",18.9090909090909,31,208
"Small World (Special Edition)",37,49,333
"Extreme Witchcraft",27.25,34,327
"Palaces",48.7692307692308,59,634
"Omnium Gatherum",46.75,57,748
"Unwanted",43.3846153846154,56,564
"Will Of The People",61.5,66,615
"Night Call (Deluxe)",37.5294117647059,58,638
"Unlimited Love",56.3529411764706,65,958
"From a Birds Eye View",48.6428571428571,66,681
"The Great Awakening",20.1818181818182,29,222
"Change the Show",30.6363636363636,43,337
"CLOSURE / CONTINUATION",32,38,320
"MOSS",47.2307692307692,61,614
"Georgia Gothic",13.8181818181818,32,152
"Serpentina",37.3846153846154,53,486
"WHO CARES?",61.5454545454545,84,677
"Actual Life 3 (January 1 - September 9 2022)",54.1538461538462,71,704
"World Wide Pop",29.6923076923077,37,386
"BORN PINK",74.125,83,593
"(self-titled)",49.3,55,493
"Return of the Dream Canteen",60.7058823529412,66,1032
"Close To Home",52.1875,70,835
"I NEVER LIKED YOU",63.4375,88,1015
"YUNGBLUD",52.5,64,630
"Twelve Carat Toothache",68.1428571428571,89,954
"Motordrome",37.4,51,374
"The Alien Coast",32.0909090909091,46,353
"The Turning Year",26.4285714285714,48,370
"All 4 Nothing",55.1538461538462,69,717
"The Versions",17.2,24,172
"demon time",46.1818181818182,55,508
"It's Only Me",71.2,81,1424
"Alpha Games",33.6666666666667,46,404
"Myself in the Way",42.5833333333333,53,511
"SPARK",37.3333333333333,46,448
"Keep On Smiling",37.75,53,453
"Her Loss",85.0625,96,1361
"Jude",28.5454545454545,36,314
"Funk Wav Bounces Vol. 2",55.7142857142857,71,780
"Dope Don't Sell Itself",41.25,59,495
"mainstream sellout",62.5625,74,1001
"Come Home The Kids Miss You",64.8,85,972
"18",34,39,442
